Date,Open,High,Low,Close,Adj Close,Volume,Name,Price Change,Price Change (%),Daily Range,Volatility,SMA_10,MA_Volume_10,RSI
2021-05-27,45.0,45.0,43.900002,44.0,44.0,6020955.0,PCO,-1.0,-2.2222222222222223,1.0999979999999994,2.499995454545453,,,
2021-05-28,44.580002,44.845001,43.619999,44.645,44.645,2839908.0,PCO,0.06499800000000278,0.14580080099593262,1.2250020000000035,2.7438727741068503,,,
2021-05-31,44.645,44.645,43.625,44.0,44.0,918066.0,PCO,-0.6450000000000031,-1.4447306529286663,1.0200000000000031,2.318181818181825,,,
2021-06-01,43.990002,44.290001,43.700001,44.0,44.0,907803.0,PCO,0.00999800000000306,0.022727891669573147,0.5899999999999963,1.3409090909090826,,,
2021-06-02,44.0,44.095001,43.375,43.735001,43.735001,232464.0,PCO,-0.2649990000000031,-0.6022704545454616,0.7200010000000034,1.6462809729900396,,,
2021-06-04,43.75,43.994999,43.549999,43.845001,43.845001,579256.0,PCO,0.09500100000000344,0.21714514285715072,0.4450000000000003,1.0149389664741946,,,
2021-06-07,43.834999,44.244999,43.705002,43.900002,43.900002,716148.0,PCO,0.06500299999999726,0.1482901824635544,0.5399969999999996,1.2300614473776097,,,
2021-06-08,44.0,44.235001,43.900002,43.900002,43.900002,953271.0,PCO,-0.09999799999999937,-0.2272681818181804,0.33499899999999627,0.7630956372165911,,,
2021-06-09,43.900002,44.185001,43.82,43.904999,43.904999,631780.0,PCO,0.004996999999995921,0.011382687408524312,0.36500099999999946,0.831342690612519,,,
2021-06-10,44.0,44.09,43.5,43.695,43.695,733523.0,PCO,-0.3049999999999997,-0.6931818181818176,0.5900000000000034,1.350268909486219,43.9625005,1453317.4,
2021-06-11,43.599998,43.880001,43.470001,43.599998,43.599998,292112.0,PCO,0.0,0.0,0.4099999999999966,0.940367015613158,43.9225003,880433.1,
2021-06-14,43.549999,43.834999,42.5,43.200001,43.200001,1229749.0,PCO,-0.34999799999999937,-0.8036693640337383,1.3349990000000034,3.0902753914288184,43.7780004,719417.2,
2021-06-15,43.400002,43.400002,42.509998,42.849998,42.849998,591073.0,PCO,-0.5500040000000013,-1.267290264180175,0.8900039999999976,2.0770222673055847,43.6630002,686717.9,
2021-06-16,43.0,43.494999,42.200001,43.494999,43.494999,444096.0,PCO,0.49499899999999997,1.151160465116279,1.2949979999999996,2.9773491890412496,43.6125001,640347.2,
2021-06-17,43.299999,43.880001,42.555,43.790001,43.790001,763200.0,PCO,0.49000199999999694,1.1316443679363524,1.3250010000000003,3.0258071928338173,43.6180001,693420.8,47.1774335544533
2021-06-18,43.720001,44.049999,43.099998,43.994999,43.994999,301265.0,PCO,0.2749979999999965,0.6289981557868595,0.9500010000000003,2.1593386102815924,43.6329999,665621.7,40.0914451498308
2021-06-21,43.98,44.290001,43.32,44.040001,44.040001,176956.0,PCO,0.06000099999999975,0.13642792178262791,0.9700009999999963,2.2025453632482805,43.6469998,611702.5,50.74628703496746
2021-06-22,44.0,45.794998,43.900002,45.549999,45.549999,681223.0,PCO,1.5499989999999997,3.5227249999999994,1.894995999999999,4.160254756536875,43.8119995,584497.7,68.49641252897673
2021-06-23,45.619999,47.0,45.119999,46.950001,46.950001,435717.0,PCO,1.3300020000000004,2.915392435672785,1.880001,4.004261895542878,44.1164997,564891.4,80.18778208909598
2021-06-24,46.950001,51.639999,46.5,49.57,49.57,566884.0,PCO,2.619999,5.580402437052131,5.139999000000003,10.369172886826716,44.703999700000004,548227.5,86.53476878943604
2021-06-25,48.700001,51.25,48.700001,50.5,50.5,1222954.0,PCO,1.7999989999999997,3.696096433345042,2.5499989999999997,5.049502970297029,45.3939999,641311.7,87.88747416762345
2021-06-28,50.580002,51.939999,50.27,51.299999,51.299999,1070803.0,PCO,0.7199969999999993,1.4234815569995416,1.6699989999999971,3.255358737921217,46.2039997,625417.1,88.9064026189698
2021-06-29,51.299999,51.939999,50.509998,51.0,51.0,601294.0,PCO,-0.2999989999999997,-0.5847933837191687,1.4300009999999972,2.803923529411759,47.0189999,626439.2,86.18052155221609
2021-06-30,50.610001,51.0,48.52,49.0,49.0,1291293.0,PCO,-1.610000999999997,-3.1811914012805436,2.479999999999997,5.0612244897959116,47.5695,711158.9,72.87623581263719
2021-07-01,49.0,50.5,48.299999,50.310001,50.310001,710072.0,PCO,1.3100009999999997,2.6734714285714283,2.2000010000000003,4.37288999457583,48.2215,705846.1,76.19048585554364
2021-07-02,50.5,51.889999,50.169998,51.400002,51.400002,1499573.0,PCO,0.9000020000000006,1.782182178217823,1.7200010000000034,3.3463053172643913,48.9620003,825676.9,80.37036282579155
2021-07-05,51.799999,52.77,51.400002,51.880001,51.880001,171680.0,PCO,0.08000200000000035,0.15444401842556088,1.3699980000000025,2.64070542327091,49.746000300000006,825149.3,83.12546712212273
2021-07-06,52.0,52.84,51.599998,51.619999,51.619999,256893.0,PCO,-0.38000100000000003,-0.7307711538461539,1.240002000000004,2.4021736226690047,50.353000300000005,782716.3,80.67194704840361
2021-07-07,51.709999,52.900002,51.580002,52.5,52.5,1279492.0,PCO,0.7900009999999966,1.5277528819909598,1.3200000000000003,2.5142857142857147,50.908000200000004,867093.8,81.48950965368695
2021-07-08,52.799999,52.799999,51.5,52.0,52.0,272447.0,PCO,-0.7999989999999997,-1.5151496499081367,1.2999989999999997,2.4999980769230765,51.1510002,837650.1,78.3362807073386
2021-07-09,52.200001,52.200001,51.450001,51.790001,51.790001,160583.0,PCO,-0.4100000000000037,-0.7854405979800724,0.75,1.4481559867125702,51.2800003,731413.0,77.11686494051783
2021-07-12,51.990002,52.349998,51.75,52.23,52.23,32320.0,PCO,0.23999799999999993,0.4616233713551308,0.5999979999999994,1.1487612483247165,51.3730004,627564.7,75.26475224926229
2021-07-13,52.240002,53.419998,52.240002,53.130001,53.130001,159335.0,PCO,0.8899990000000031,1.703673365096738,1.1799960000000027,2.220959867853198,51.5860005,583368.8,74.29245283018867
2021-07-14,53.25,53.830002,51.669998,52.0,52.0,504761.0,PCO,-1.25,-2.3474178403755865,2.1600040000000007,4.153853846153847,51.8860005,504715.6,60.81923226727831
2021-07-15,52.990002,52.990002,51.599998,52.0,52.0,1090623.0,PCO,-0.9900019999999969,-1.8682807371850958,1.3900039999999976,2.673084615384611,52.055000400000004,542770.7,57.28155198416466
2021-07-16,52.0,53.419998,52.0,52.900002,52.900002,71797.0,PCO,0.9000020000000006,1.730773076923078,1.4199979999999996,2.6843061366992003,52.205000399999996,399993.1,57.6923184171546
2021-07-19,52.900002,53.0,50.540001,53.0,53.0,248958.0,PCO,0.09999799999999937,0.18903212895908655,2.4599990000000034,4.641507547169818,52.3170003,407720.9,59.80391772395383
2021-07-20,52.599998,53.740002,52.099998,53.040001,53.040001,366339.0,PCO,0.44000299999999726,0.8365076363691064,1.6400039999999976,3.0920135163647484,52.4590005,418665.5,74.5145542994209
2021-07-21,53.040001,54.049999,53.040001,53.75,53.75,305376.0,PCO,0.7099990000000034,1.338610457416853,1.009998000000003,1.8790660465116336,52.5840005,321253.9,72.51307362052081
2021-07-22,53.5,54.970001,53.0,54.560001,54.560001,375462.0,PCO,1.0600009999999997,1.9813102803738314,1.9700010000000034,3.610705578982675,52.840000599999996,331555.4,71.46737576058051
2021-07-23,54.98,54.98,54.009998,54.330002,54.330002,313940.0,PCO,-0.6499979999999965,-1.1822444525281857,0.9700019999999938,1.785389221962469,53.0940007,346891.1,67.22925433364796
2021-07-26,54.43,54.98,53.5,54.220001,54.220001,280202.0,PCO,-0.20999899999999627,-0.3858148080102816,1.4799999999999969,2.729620016052742,53.2930008,371679.3,68.67816992006613
2021-07-27,54.400002,55.299999,54.25,54.740002,54.740002,264062.0,PCO,0.3399999999999963,0.6249999770220529,1.0499989999999997,1.9181566708748017,53.454000900000004,382152.0,66.96970697887666
2021-07-28,54.950001,55.459999,54.310001,54.5,54.5,253840.0,PCO,-0.4500010000000003,-0.8189281015663682,1.1499980000000036,2.110088073394502,53.704000900000004,357059.9,69.71607588891113
2021-07-29,55.060001,55.060001,52.599998,54.099998,54.099998,194062.0,PCO,-0.9600030000000004,-1.7435579051297154,2.4600030000000004,4.547140648692816,53.914000699999995,267403.8,67.68755378057027
2021-07-30,54.099998,54.779999,53.0,53.5,53.5,175038.0,PCO,-0.5999979999999994,-1.1090536454363629,1.7799989999999966,3.3271009345794327,53.9740005,277727.9,59.49177026149158
2021-08-02,53.990002,55.84,53.639999,54.869999,54.869999,565993.0,PCO,0.879997000000003,1.6299258518271644,2.2000010000000003,4.009478841069416,54.1610004,309431.4,62.15081723418034
2021-08-03,55.009998,55.490002,54.209999,54.580002,54.580002,656170.0,PCO,-0.4299960000000027,-0.7816688159123415,1.2800029999999936,2.3451867957058585,54.3150005,338414.5,70.41140822784814
2021-08-04,54.580002,55.610001,54.349998,55.610001,55.610001,560337.0,PCO,1.0299989999999966,1.887136244516804,1.2600029999999975,2.2657848900236446,54.5010006,363910.6,74.55783327317462
2021-08-05,55.610001,56.400002,54.509998,56.0,56.0,737903.0,PCO,0.3899990000000031,0.7013109026917714,1.8900039999999976,3.3750071428571387,54.6450005,400154.7,72.66081734550727
2021-08-06,56.330002,56.330002,55.439999,55.75,55.75,79076.0,PCO,-0.5800020000000004,-1.0296502386064186,0.8900030000000001,1.596417937219731,54.7870003,376668.3,69.67096414047619
2021-08-09,55.75,56.16,54.560001,55.0,55.0,176389.0,PCO,-0.75,-1.345291479820628,1.5999989999999968,2.9090890909090854,54.8650002,366287.0,62.72727119244336
2021-08-10,55.009998,56.099998,55.009998,55.099998,55.099998,621299.0,PCO,0.0899999999999963,0.16360662292697467,1.0899999999999963,1.9782214874127517,54.9009998,402010.7,59.52044260673773
2021-08-11,55.200001,55.900002,55.009998,55.099998,55.099998,1025887.0,PCO,-0.10000300000000095,-0.18116485179049355,0.8900039999999976,1.6152523272323849,54.9609996,479215.4,54.299342595018
2021-08-12,55.0,56.189999,54.73,55.0,55.0,187603.0,PCO,0.0,0.0,1.4599990000000034,2.6545436363636425,55.0509998,478569.5,55.447143525668494
2021-08-13,55.16,57.439999,54.98,56.110001,56.110001,372085.0,PCO,0.9500010000000003,1.7222643219724447,2.4599990000000034,4.384243372228783,55.3119999,498274.2,63.216794307799404
2021-08-16,57.290001,57.290001,55.009998,56.0,56.0,192043.0,PCO,-1.2900009999999966,-2.2517035738924087,2.2800029999999936,4.071433928571417,55.425,460879.2,59.34717449303371
2021-08-17,56.0,56.98,55.5,55.939999,55.939999,114563.0,PCO,-0.06000099999999975,-0.1071446428571424,1.4799999999999969,2.645691859951583,55.5609997,406718.5,60.97561384592942
2021-08-18,56.0,56.490002,55.52,56.220001,56.220001,531332.0,PCO,0.22000100000000344,0.3928589285714347,0.9700019999999938,1.7253681656818072,55.6219997,403818.0,66.45966851206208
2021-08-19,56.220001,56.880001,54.5,55.669998,55.669998,388038.0,PCO,-0.5500030000000038,-0.978304856309063,2.380001,4.275195052099696,55.5889995,368831.5,66.97964537704081
2021-08-20,55.669998,56.5,54.619999,55.5,55.5,774818.0,PCO,-0.16999799999999965,-0.30536735424348255,1.880001,3.387389189189189,55.5639995,438405.7,56.06937730407166
2021-08-23,55.709999,56.0,55.060001,55.310001,55.310001,30456.0,PCO,-0.39999800000000363,-0.7180003718901585,0.9399990000000003,1.6995100036248423,55.594999599999994,423812.4,57.1709149648163
2021-08-24,55.240002,55.580002,54.970001,55.5,55.5,38206.0,PCO,0.25999800000000306,0.4706697874486012,0.6100009999999969,1.0991009009008952,55.6349998,365503.1,48.70587028373422
2021-08-25,55.369999,55.52,55.0,55.299999,55.299999,59453.0,PCO,-0.07000000000000028,-0.12642225259928266,0.5200000000000031,0.9403255142916064,55.65499989999999,268859.7,41.37930015288173
2021-08-26,55.0,55.459999,53.580002,55.0,55.0,171343.0,PCO,0.0,0.0,1.879997000000003,3.4181763636363693,55.65499989999999,267233.7,40.87591240875912
2021-08-27,54.860001,55.09,54.220001,54.220001,54.220001,72719.0,PCO,-0.6399999999999935,-1.1666058846772414,0.869999,1.6045720840174824,55.4659999,237297.1,40.57971994679229
2021-08-30,54.25,55.439999,54.009998,55.0,55.0,184990.0,PCO,0.75,1.3824884792626728,1.4300009999999972,2.6000018181818128,55.3659999,236591.8,48.962676348547724
2021-08-31,55.130001,55.130001,53.139999,53.799999,53.799999,265479.0,PCO,-1.3300020000000004,-2.4124831777166125,1.990001999999997,3.6988885445890003,55.1519999,251683.4,39.20266790653357
2021-09-01,53.799999,54.09,52.220001,52.700001,52.700001,501440.0,PCO,-1.0999979999999994,-2.0446059859592176,1.869999,3.5483851319092006,54.7999999,248694.2,33.61824307432434
2021-09-02,52.599998,52.700001,50.509998,52.0,52.0,238223.0,PCO,-0.5999979999999994,-1.1406806517369057,2.1900029999999973,4.211544230769226,54.4330001,233712.7,18.910738440130345
2021-09-03,52.0,52.0,50.93,51.599998,51.599998,342198.0,PCO,-0.40000200000000063,-0.7692346153846166,1.0700000000000003,2.0736434912264925,54.0429999,190450.7,18.115936777989333
2021-09-06,51.700001,52.490002,51.509998,52.0,52.0,267391.0,PCO,0.2999989999999997,0.5802688475770043,0.9800039999999939,1.884623076923065,53.7119998,214144.2,22.790073429527595
2021-09-07,52.0,53.209999,51.810001,52.43,52.43,368893.0,PCO,0.4299999999999997,0.8269230769230763,1.3999980000000036,2.6702231546824406,53.4049998,247212.9,24.357236216882754
2021-09-08,52.52,53.02,50.200001,51.189999,51.189999,305229.0,PCO,-1.3300010000000029,-2.532370525514095,2.819999000000003,5.508886608886245,52.993999800000005,271790.5,22.277230479855234
2021-09-09,51.009998,51.400002,50.110001,50.790001,50.790001,409031.0,PCO,-0.21999700000000644,-0.43128211845843717,1.2900010000000037,2.539871972044269,52.5729999,295559.3,21.660652426071252
2021-09-10,51.099998,51.790001,50.130001,50.360001,50.360001,150916.0,PCO,-0.7399970000000025,-1.4481350860326891,1.6599999999999966,3.2962668130209067,52.1869999,303379.0,21.05263157894734
2021-09-13,50.5,51.779999,49.700001,50.049999,50.049999,264360.0,PCO,-0.4500010000000003,-0.8910910891089115,2.0799979999999962,4.155840242873923,51.6919998,311316.0,18.569785962011764
2021-09-14,50.110001,50.490002,49.605,50.0,50.0,153846.0,PCO,-0.1100009999999969,-0.21951905369149144,0.8850020000000001,1.7700040000000001,51.3119999,300152.7,18.89672313418741
2021-09-15,50.0,50.43,48.52,49.994999,49.994999,388352.0,PCO,-0.005001000000000033,-0.010002000000000066,1.9099999999999966,3.8203821146190977,51.041499699999996,288843.9,19.574473103535624
2021-09-16,49.900002,50.299999,48.130001,48.139999,48.139999,213006.0,PCO,-1.7600029999999975,-3.5270599788753465,2.1699979999999996,4.507681855165805,50.6554996,286322.2,17.311831263728465
2021-09-17,48.139999,48.98,47.509998,47.900002,47.900002,250874.0,PCO,-0.23999700000000246,-0.4985396863012034,1.4700019999999938,3.068897575411362,50.2855,277189.8,9.474906512578428
2021-09-20,47.700001,48.0,46.805,47.544998,47.544998,177473.0,PCO,-0.15500300000000067,-0.3249538715942598,1.1950000000000003,2.5134084557117875,49.8399998,268198.0,10.486436837374072
2021-09-21,47.785,49.950001,47.709999,49.25,49.25,318160.0,PCO,1.4650000000000034,3.065815632520673,2.240001999999997,4.548227411167507,49.5219998,263124.7,29.75353664532514
2021-09-22,50.349998,50.349998,49.5,50.099998,50.099998,160158.0,PCO,-0.25,-0.4965243494150685,0.8499979999999994,1.6966028621398337,49.41299969999999,248617.6,39.04267194278758
2021-09-23,50.5,52.549999,49.755001,52.349998,52.349998,819229.0,PCO,1.8499979999999994,3.663362376237622,2.7949979999999996,5.339060375895334,49.5689994,289637.4,53.56463742789452
2021-09-24,52.450001,52.459999,50.119999,51.200001,51.200001,549328.0,PCO,-1.25,-2.3832220708632588,2.3400000000000034,4.570312410736093,49.6529994,329478.6,46.45075833635833
2021-09-27,51.209999,51.720001,49.615002,51.189999,51.189999,372467.0,PCO,-0.020000000000003126,-0.03905487285794152,2.1049990000000065,4.1121294024639585,49.766999399999996,340289.3,44.285710204082015
2021-09-28,50.700001,51.689999,49.959999,50.5,50.5,564877.0,PCO,-0.20000100000000032,-0.3944792821601726,1.7299999999999969,3.42574257425742,49.8169994,381392.4,46.650489966066985
2021-09-29,50.0,51.119999,50.0,50.32,50.32,116394.0,PCO,0.3200000000000003,0.6400000000000006,1.119999,2.2257531796502383,49.84949949999999,354196.6,47.668646064618464
2021-09-30,50.830002,51.07,50.02,51.0,51.0,123817.0,PCO,0.16999799999999965,0.334444212691551,1.0499999999999972,2.058823529411759,50.135499599999996,345277.7,53.09776833516282
2021-10-01,50.939999,53.389999,50.119999,52.880001,52.880001,208037.0,PCO,1.9400019999999998,3.8084060425678445,3.270000000000003,6.183812288505825,50.6334995,340994.0,61.890764705882354
2021-10-04,52.860001,52.860001,50.34,50.880001,50.880001,579314.0,PCO,-1.9799999999999969,-3.7457434024641754,2.5200009999999935,4.95283205674464,50.966999799999996,381178.1,53.17689868758853
2021-10-05,50.880001,51.639999,50.450001,51.5,51.5,555347.0,PCO,0.619999,1.218551469761174,1.1899980000000028,2.310675728155345,51.1919998,404896.8,55.202216052693814
2021-10-06,51.5,52.290001,49.994999,49.994999,49.994999,1086992.0,PCO,-1.505001,-2.9223320388349516,2.2950019999999967,4.590463138123068,51.1814999,497580.2,56.571023733616705
2021-10-07,50.0,50.48,47.84,48.299999,48.299999,721641.0,PCO,-1.7000010000000003,-3.4000020000000006,2.6399999999999935,5.465838622481117,50.7765,487821.4,51.28451163432659
2021-10-08,48.200001,48.654999,47.0,47.27,47.27,485394.0,PCO,-0.9300009999999972,-1.929462615571309,1.6549989999999966,3.501161413158444,50.383499900000004,481428.0,49.153591770217524
2021-10-11,47.48,48.5,47.305,47.950001,47.950001,535941.0,PCO,0.47000100000000344,0.9898925863521556,1.1950000000000003,2.4921793015186804,50.0595001,497775.4,45.72930599132181
2021-10-12,47.599998,48.290001,47.349998,47.799999,47.799999,128363.0,PCO,0.20000100000000032,0.420170185721437,0.9400029999999973,1.96653351394421,49.7895,454124.0,42.07989379615056
2021-10-13,47.650002,49.400002,47.650002,48.119999,48.119999,145818.0,PCO,0.46999699999999933,0.9863525294290635,1.75,3.6367415552107554,49.5694999,457066.4,33.20095844313276
2021-10-14,49.209999,49.799999,48.195,48.5,48.5,475295.0,PCO,-0.7099990000000034,-1.442794176850122,1.6049989999999994,3.3092762886597926,49.3194999,492214.2,38.57868080428053
2021-10-15,48.98,49.110001,47.025002,47.5,47.5,447601.0,PCO,-1.4799999999999969,-3.021641486320941,2.0849989999999963,4.389471578947361,48.7814998,516170.6,35.597196971772746
2021-10-18,47.985001,48.205002,46.505001,47.174999,47.174999,348898.0,PCO,-0.8100019999999972,-1.6880316413872685,1.7000010000000003,3.6036057997584705,48.4109996,493129.0,36.64122272349427
2021-10-19,47.0,47.485001,46.0,46.0,46.0,404125.0,PCO,-1.0,-2.127659574468085,1.485000999999997,3.2282630434782544,47.8609996,478006.8,33.92857621173327
2021-10-20,45.310001,47.455002,45.220001,47.0,47.0,217730.0,PCO,1.6899990000000003,3.7298586685089683,2.235000999999997,4.755321276595738,47.5614997,391080.6,35.46512050432543
2021-10-21,46.400002,47.900002,46.400002,47.200001,47.200001,122359.0,PCO,0.7999989999999997,1.724135701545874,1.5,3.1779660343651264,47.4514999,331152.4,26.49007400990925
2021-10-22,47.299999,47.705002,46.205002,46.380001,46.380001,85520.0,PCO,-0.9199979999999996,-1.945027525264852,1.5,3.2341525822735537,47.3625,291165.0,29.357805740254776
2021-10-25,47.0,48.18,46.525002,48.18,48.18,227548.0,PCO,1.1799999999999997,2.51063829787234,1.654997999999999,3.4350311332503094,47.3854999,260325.7,36.25828269593288
2021-10-26,48.099998,48.105,46.599998,47.099998,47.099998,80801.0,PCO,-1.0,-2.0790021654470756,1.5050019999999975,3.195333469016278,47.3154998,255569.5,37.58043861843044
2021-10-27,46.990002,47.48,46.459999,47.200001,47.200001,257568.0,PCO,0.20999900000000338,0.44690144937640863,1.0200009999999935,2.1610190220122947,47.2235,266744.5,44.532817468932436
2021-10-28,47.41,47.529999,46.799999,47.09,47.09,179122.0,PCO,-0.3199999999999932,-0.674963087956113,0.7299999999999969,1.5502229772775469,47.0825,237127.2,49.015318363984285
2021-10-29,47.299999,48.244999,46.509998,47.200001,47.200001,197158.0,PCO,-0.09999799999999937,-0.2114122666260508,1.735000999999997,3.6758494983930126,47.0525001,212082.9,45.62427581764782
2021-11-02,47.5,49.0,46.669998,48.099998,48.099998,402032.0,PCO,0.5999979999999994,1.263153684210525,2.3300020000000004,4.844079203496018,47.144999999999996,217396.3,51.609435831847726
2021-11-03,48.599998,48.599998,47.525002,47.525002,47.525002,186535.0,PCO,-1.0749959999999987,-2.2119260169516854,1.0749959999999987,2.2619588737734273,47.2975002,195637.3,46.89296638193562
2021-11-04,48.0,48.439999,47.205002,47.5,47.5,170521.0,PCO,-0.5,-1.0416666666666665,1.234997,2.599993684210526,47.3475002,190916.4,44.57700768394626
2021-11-05,48.0,48.200001,46.945,47.25,47.25,325329.0,PCO,-0.75,-1.5625,1.255001,2.6560867724867725,47.3525001,211213.4,48.52420341813378
2021-11-08,47.490002,47.724998,47.209999,47.599998,47.599998,43918.0,PCO,0.10999600000000243,0.23161927851677588,0.514998999999996,1.081930717728173,47.4744998,207053.2,52.50146586244449
2021-11-09,47.5,48.494999,47.25,47.900002,47.900002,394485.0,PCO,0.40000200000000063,0.8421094736842119,1.244999,2.599162730723894,47.4465,223746.9,62.467198179948475
2021-11-10,47.900002,48.384998,47.384998,47.619999,47.619999,96115.0,PCO,-0.28000300000000067,-0.5845573868660813,1.0,2.0999580449382202,47.4985001,225278.3,54.49274181895758
2021-11-12,47.740002,47.740002,47.0,47.584999,47.584999,111446.0,PCO,-0.15500299999999356,-0.3246815951117756,0.7400019999999969,1.5551161406980314,47.5369999,210666.1,52.8581860209182
2021-11-15,47.330002,48.345001,46.974998,48.0,48.0,213571.0,PCO,0.6699979999999996,1.4155883619020335,1.370003000000004,2.854172916666675,47.6279999,214111.0,62.79618648131039
2021-11-16,48.0,48.0,46.005001,47.310001,47.310001,177842.0,PCO,-0.6899990000000003,-1.437497916666667,1.994999,4.2168652670288465,47.6389999,212179.4,41.66668742015094
2021-11-17,47.560001,48.595001,46.75,48.0,48.0,241368.0,PCO,0.43999900000000025,0.9251450604469084,1.8450010000000034,3.8437520833333405,47.6290001,196113.0,59.31678317450672
2021-11-18,48.0,48.0,47.205002,47.73,47.73,291585.0,PCO,-0.2700000000000031,-0.5625000000000064,0.7949979999999996,1.6656149172428236,47.6494999,206618.0,55.29998894000219
2021-11-19,47.900002,48.395,46.805,47.834999,47.834999,389160.0,PCO,-0.06500299999999726,-0.13570563107700342,1.5900000000000034,3.323926065097238,47.6829998,228481.9,57.457448940430226
2021-11-22,48.450001,48.5,47.130001,47.799999,47.799999,595072.0,PCO,-0.6500020000000006,-1.3415933675625737,1.369999,2.866106754521062,47.7379997,255456.2,56.09754312908256
2021-11-23,47.799999,47.799999,46.915001,47.599998,47.599998,395177.0,PCO,-0.20000100000000032,-0.41841214264460613,0.8849980000000031,1.8592395739176357,47.7379997,290582.1,44.075832191548734
2021-11-24,47.200001,48.285,45.525002,47.330002,47.330002,602313.0,PCO,0.13000100000000003,0.27542584162233397,2.759997999999996,5.831392105159843,47.6809997,311364.9,47.509579816306605
2021-11-25,47.145,47.945,46.599998,47.099998,47.099998,183864.0,PCO,-0.04500200000000376,-0.09545444904020312,1.345002000000001,2.855630694506613,47.6289996,320139.8,45.14561150911504
2021-11-26,46.145,46.25,45.275002,45.900002,45.900002,246701.0,PCO,-0.2449980000000025,-0.5309307617293368,0.9749979999999994,2.1241785566806715,47.4604999,333665.3,36.68641025641028
2021-11-29,46.0,46.5,45.455002,46.349998,46.349998,344146.0,PCO,0.34999799999999937,0.760865217391303,1.0449979999999996,2.254580464059566,47.2954997,346722.8,37.91102046847989
2021-11-30,45.849998,47.305,43.705002,46.32,46.32,461573.0,PCO,0.4700020000000009,1.0250861952055066,3.5999979999999994,7.772016407599308,47.196499599999996,375095.9,33.87750428980294
2021-12-01,45.665001,47.700001,45.665001,46.509998,46.509998,423635.0,PCO,0.8449970000000064,1.8504258874318353,2.0350000000000037,4.375403327258804,47.04749940000001,393322.6,38.46149688138455
2021-12-02,46.5,47.5,45.860001,46.900002,46.900002,395122.0,PCO,0.40000200000000063,0.8602193548387111,1.639999000000003,3.496799424443528,46.964499599999996,403676.3,43.36884614126141
2021-12-03,47.700001,48.299999,46.5,46.799999,46.799999,503144.0,PCO,-0.9000020000000006,-1.8867966061468229,1.7999989999999997,3.846151791584439,46.8609996,415074.7,37.628837814817494
2021-12-06,47.0,47.494999,46.119999,47.080002,47.080002,223058.0,PCO,0.08000200000000035,0.1702170212765965,1.375,2.9205606235955557,46.7889999,377873.3,47.40991942111674
2021-12-07,47.099998,48.349998,47.099998,47.869999,47.869999,244244.0,PCO,0.7700010000000006,1.6348217254701383,1.25,2.6112388262218267,46.816,362780.0,48.56826934831427
2021-12-08,47.900002,50.0,47.900002,48.669998,48.669998,208759.0,PCO,0.769995999999999,1.6075072397700503,2.0999979999999994,4.314769028755661,46.9499996,323424.6,59.27020820931939
2021-12-09,49.009998,50.43,48.599998,48.599998,48.599998,180445.0,PCO,-0.4100000000000037,-0.8365640006759512,1.8300020000000004,3.7654363689479995,47.099999600000004,323082.7,57.596819857815106
2021-12-10,49.0,49.865002,48.465,49.07,49.07,238668.0,PCO,0.07000000000000028,0.14285714285714343,1.4000019999999935,2.8530711228856602,47.416999399999995,322279.4,61.60879064467495
2021-12-13,49.400002,50.959999,48.855,49.0,49.0,425289.0,PCO,-0.40000200000000063,-0.8097206149910694,2.1049990000000065,4.295916326530626,47.6819996,330393.7,63.10864277800958
2021-12-14,50.700001,51.389999,47.040001,47.040001,47.040001,454871.0,PCO,-3.6600000000000037,-7.21893476885731,4.3499980000000065,9.24744453130434,47.7539997,329723.5,47.93740368953109
2021-12-15,47.66,49.400002,47.099998,48.200001,48.200001,1022407.0,PCO,0.5400010000000037,1.133027696181292,2.3000040000000013,4.771792432120492,47.922999999999995,389600.7,56.90957092309732
2021-12-16,48.150002,48.869999,46.985001,47.599998,47.599998,584364.0,PCO,-0.5500040000000013,-1.1422720190125875,1.884998000000003,3.9600799983226955,47.992999600000005,408524.9,61.54888273128185
2021-12-17,47.544998,49.650002,46.044998,46.470001,46.470001,6157351.0,PCO,-1.0749969999999962,-2.2610096649914597,3.605004000000001,7.757701576120045,47.9599998,973945.6,50.74628703496755
2021-12-20,46.799999,47.279999,46.099998,46.450001,46.450001,132170.0,PCO,-0.34999799999999937,-0.7478589903388659,1.1800009999999972,2.5403680830921775,47.8969997,964856.8,50.80947023071592
2021-12-21,47.0,47.400002,45.32,45.689999,45.689999,306649.0,PCO,-1.3100009999999997,-2.7872361702127653,2.0800020000000004,4.552422949276055,47.6789997,971097.3,45.23256894266039
2021-12-22,45.700001,46.119999,44.0,44.855,44.855,309307.0,PCO,-0.8450010000000034,-1.8490174650105662,2.119999,4.726338200869469,47.2974999,981152.1,38.695405773176
2021-12-23,45.580002,46.0,45.099998,45.735001,45.735001,116079.0,PCO,0.15499899999999656,0.3400592215858098,0.9000020000000006,1.9678626441923566,47.0110002,974715.5,44.580163953147284
2021-12-27,46.215,46.215,43.580002,44.509998,44.509998,172630.0,PCO,-1.7050020000000004,-3.6892827004219413,2.634998000000003,5.920013746125091,46.555,968111.7,38.06869302345535
2021-12-28,44.514999,45.220001,44.099998,45.139999,45.139999,141566.0,PCO,0.625,1.4040211480179972,1.120003000000004,2.481176395240957,46.1689999,939739.4,37.13478578617205
2021-12-29,45.049999,45.744999,45.049999,45.580002,45.580002,56424.0,PCO,0.5300030000000007,1.1764772736176992,0.6950000000000003,1.524791508346139,46.023,899894.7,34.92686348598686
2021-12-30,45.799999,46.875,45.404999,46.514999,46.514999,114915.0,PCO,0.7150000000000034,1.5611354052649726,1.4700010000000034,3.160273098146263,45.8544998,809145.5,40.620793131304396
2021-12-31,46.514999,46.514999,46.514999,46.514999,46.514999,0.0,PCO,0.0,0.0,0.0,0.0,45.7459999,750709.1,37.99906153167614
2022-01-03,46.695,46.945,44.990002,45.055,45.055,317607.0,PCO,-1.6400000000000006,-3.5121533354748915,1.9549980000000033,4.339136610809018,45.6044998,166734.7,33.610308729436255
2022-01-04,45.84,46.450001,45.285,46.299999,46.299999,147338.0,PCO,0.45999899999999627,1.0034882198952797,1.1650010000000037,2.516200918276486,45.5894996,168251.5,46.73144108429645
2022-01-05,46.25,46.25,44.450001,45.75,45.75,396004.0,PCO,-0.5,-1.0810810810810811,1.7999989999999997,3.9344240437158464,45.595499700000005,177187.0,38.56209003863024
2022-01-07,45.200001,45.639999,44.959999,45.5,45.5,139778.0,PCO,0.2999989999999997,0.6637145870859598,0.6799999999999997,1.4945054945054939,45.6599997,160234.1,39.86487451737452
2022-01-10,45.5,45.580002,44.605,44.779999,44.779999,71776.0,PCO,-0.7200010000000034,-1.582419780219788,0.9750020000000035,2.1773158145894635,45.5644995,155803.8,41.507531052248794
2022-01-11,44.880001,45.465,44.049999,44.669998,44.669998,195926.0,PCO,-0.21000300000000038,-0.4679211125686035,1.4150010000000037,3.167676434639652,45.5804995,158133.4,41.13544764170934
2022-01-12,44.880001,45.200001,43.599998,44.279999,44.279999,184513.0,PCO,-0.6000020000000035,-1.3369028222615313,1.600003000000001,3.6133763236986547,45.4944995,162428.1,42.7094120559644
2022-01-13,45.0,45.400002,42.099998,42.200001,42.200001,676296.0,PCO,-2.7999989999999997,-6.222219999999999,3.3000040000000013,7.8199145066371,45.156499399999994,224415.3,37.83784353295068
2022-01-14,42.299999,43.200001,41.415001,42.869999,42.869999,189157.0,PCO,0.5700000000000003,1.3475177623526664,1.7850000000000037,4.163750971862639,44.791999399999995,231839.5,36.618390774103844
2022-01-17,42.900002,43.095001,42.41,42.735001,42.735001,118145.0,PCO,-0.16500100000000373,-0.3846176976868293,0.6850010000000069,1.6029039053959704,44.4139996,243654.0,40.76963966588429
2022-01-18,42.98,42.98,41.400002,41.400002,41.400002,139806.0,PCO,-1.5799979999999962,-3.67612377850162,1.5799979999999962,3.816420105486942,44.0484998,225873.9,31.879843693662124
2022-01-19,41.799999,42.134998,40.400002,40.400002,40.400002,172747.0,PCO,-1.399996999999999,-3.349275199743423,1.7349960000000024,4.294544341854246,43.458500099999995,228414.8,26.194826685470616
2022-01-20,40.455002,41.299999,40.139999,41.145,41.145,95519.0,PCO,0.6899980000000028,1.7055937854112646,1.1599999999999966,2.8192976060274555,42.9980001,198366.3,24.883047120067204
2022-01-21,41.139999,41.139999,40.115002,40.200001,40.200001,117772.0,PCO,-0.9399980000000028,-2.2848760885968975,1.0249970000000062,2.549743717668082,42.4680002,196165.7,22.862034752420897
2022-01-24,40.299999,40.5,38.0,38.91,38.91,218958.0,PCO,-1.389999000000003,-3.4491291178444023,2.5,6.42508352608584,41.8810003,210883.9,23.201023289161185
2022-01-25,38.790001,39.91,38.169998,39.244999,39.244999,153189.0,PCO,0.45499800000000334,1.1729775412998915,1.740001999999997,4.433691029014924,41.3385004,206610.2,16.579788327606224
2022-01-26,38.799999,41.575001,38.349998,40.755001,40.755001,177594.0,PCO,1.9550020000000004,5.038665078316111,3.225003000000001,7.913146658983031,40.9860006,205918.3,28.310889984909267
2022-01-27,40.049999,40.75,39.174999,40.535,40.535,140977.0,PCO,0.4850009999999969,1.2109887942818598,1.5750010000000003,3.88553348957691,40.819500500000004,152386.4,28.38483851188778
2022-01-28,40.540001,41.900002,39.509998,39.639999,39.639999,106390.0,PCO,-0.9000019999999935,-2.2200344790321873,2.3900039999999976,6.029273613251094,40.4965005,144109.7,27.958822277267075
2022-01-31,39.889999,40.154999,39.25,39.25,39.25,113226.0,PCO,-0.6399990000000031,-1.604409666693657,0.9049989999999966,2.3057299363057235,40.1480004,143617.8,27.30317574752145
2022-02-01,39.5,39.970001,39.02,39.5,39.5,149002.0,PCO,0.0,0.0,0.9500010000000003,2.405065822784811,39.9580002,144537.4,29.74575493392244
2022-02-02,39.549999,40.299999,39.5,40.299999,40.299999,15103.0,PCO,0.75,1.8963338026885916,0.7999989999999997,1.9851092303997322,39.9479999,128773.0,40.969567092908996
2022-02-03,40.299999,42.060001,40.299999,41.764999,41.764999,160753.0,PCO,1.4650000000000034,3.6352358222142973,1.760002,4.214059720197767,40.0099998,135296.4,45.117099466937525
2022-02-04,41.549999,42.130001,40.834999,42.130001,42.130001,218641.0,PCO,0.5800020000000004,1.395913390996713,1.2950019999999967,3.073823805510939,40.2029998,145383.3,47.37981810307494
2022-02-07,42.599998,42.599998,40.044998,40.555,40.555,146933.0,PCO,-2.0449979999999996,-4.800465014106338,2.5549999999999997,6.3000863025520895,40.367499800000004,138180.8,46.41492636148895
2022-02-08,41.0,41.154999,40.205002,40.900002,40.900002,142003.0,PCO,-0.09999799999999937,-0.2438975609756082,0.9499969999999962,2.322730937763759,40.533000099999995,137062.2,52.24618068421178
2022-02-09,41.380001,41.470001,40.5,40.994999,40.994999,91598.0,PCO,-0.38500200000000007,-0.9304059707490101,0.9700010000000034,2.366144709504697,40.5569999,128462.6,49.284346578908405
2022-02-10,41.380001,41.380001,39.599998,39.849998,39.849998,143419.0,PCO,-1.5300030000000007,-3.6974455365527916,1.7800030000000007,4.466758066085727,40.4884997,128706.8,48.36140994316013
2022-02-11,39.849998,40.294998,39.5,40.0,40.0,96588.0,PCO,0.15000200000000063,0.3764165809995791,0.7949979999999996,1.9874949999999991,40.5244998,127726.6,55.712784667011746
2022-02-14,39.509998,39.990002,38.200001,39.400002,39.400002,135376.0,PCO,-0.10999600000000243,-0.27840041905343155,1.7900009999999966,4.543149515576158,40.5395,129941.6,50.79042794980727
2022-02-15,39.299999,40.599998,39.299999,40.380001,40.380001,33798.0,PCO,1.0800020000000004,2.7480967620380863,1.2999989999999997,3.2194129960521787,40.6275001,118421.2,47.97843709359847
2022-02-16,40.5,40.5,40.0,40.48,40.48,62244.0,PCO,-0.020000000000003126,-0.049382716049390436,0.5,1.2351778656126484,40.6455002,123135.3,49.6996176952485
2022-02-17,40.5,40.5,39.599998,40.299999,40.299999,75363.0,PCO,-0.20000100000000032,-0.49382962962963045,0.9000020000000006,2.2332556385423254,40.4990002,114596.3,53.909952606635045
2022-02-18,40.0,40.349998,39.805,40.349998,40.349998,78940.0,PCO,0.34999799999999937,0.8749949999999984,0.5449979999999996,1.3506766468736866,40.3209999,100626.2,56.79011111111111
2022-02-21,39.509998,40.395,39.060001,39.98,39.98,166402.0,PCO,0.4700019999999938,1.189577382413418,1.3349990000000034,3.3391670835417795,40.2634999,102573.1,52.91970873958848
2022-02-22,39.049999,39.549999,38.5,39.299999,39.299999,365911.0,PCO,0.25,0.6402048819514694,1.0499989999999997,2.6717532486451203,40.103499600000006,124963.9,43.82716049382716
2022-02-23,39.0,39.950001,39.0,39.799999,39.799999,381452.0,PCO,0.7999989999999997,2.051279487179486,0.9500010000000003,2.3869372459029465,39.9839996,153949.3,36.229852838121886
2022-02-24,38.75,38.75,35.849998,38.264999,38.264999,1173289.0,PCO,-0.4850009999999969,-1.2516154838709599,2.9000020000000006,7.578732721252653,39.8254997,256936.3,26.730867364447278
2022-02-25,38.299999,40.294998,38.299999,40.035,40.035,339053.0,PCO,1.735000999999997,4.530028838904139,1.994999,4.983137254901961,39.8289997,281182.8,46.94117575086485
2022-02-28,39.849998,41.59,39.459999,41.5,41.5,92707.0,PCO,1.6500020000000006,4.140532202787063,2.130001,5.132532530120482,40.0389995,276915.9,53.11849402016384
2022-03-01,41.23,42.794998,40.740002,41.59,41.59,667481.0,PCO,0.36000000000000654,0.873150618481704,2.0549960000000027,4.941081990863195,40.159999400000004,340284.2,53.09412928696095
2022-03-02,41.400002,42.294998,37.400002,41.115002,41.115002,234750.0,PCO,-0.2850000000000037,-0.6884057638451412,4.894995999999999,11.90562024051464,40.223499600000004,357534.8,57.071014900397934
2022-03-03,41.275002,44.799999,40.965,43.0,43.0,291509.0,PCO,1.7249979999999994,4.179280233590296,3.8349989999999963,8.918602325581388,40.493499699999994,379149.4,64.04495434078977
2022-03-04,44.439999,44.900002,40.529999,40.755001,40.755001,408478.0,PCO,-3.684998,-8.292074894061091,4.370003000000004,10.722617820571282,40.534000000000006,412103.2,55.49695646885966
2022-03-07,41.005001,41.450001,38.0,41.119999,41.119999,198056.0,PCO,0.11499799999999993,0.28044871892577183,3.4500010000000003,8.390080456957211,40.6479999,415268.6,53.159686189367164
2022-03-08,39.965,41.044998,39.220001,40.5,40.5,293298.0,PCO,0.5349999999999966,1.3386713374202341,1.8249969999999962,4.506165432098756,40.767999999999994,408007.3,50.08176620230007
2022-03-09,39.599998,42.294998,39.5,42.044998,42.044998,435460.0,PCO,2.4450000000000003,6.174242736072866,2.7949979999999996,6.647634993346889,40.9924999,413408.1,56.417802176963875
2022-03-10,42.400002,42.799999,41.205002,41.209999,41.209999,368972.0,PCO,-1.1900029999999973,-2.806610716669299,1.5949969999999993,3.870412615151966,41.2869999,332976.4,52.99027002037346
2022-03-11,42.0,42.0,40.119999,40.939999,40.939999,319433.0,PCO,-1.0600009999999997,-2.523811904761904,1.880001,4.5920885342474,41.377499799999995,331014.4,53.36134315490816
2022-03-14,41.5,42.200001,40.580002,42.18,42.18,191676.0,PCO,0.6799999999999997,1.6385542168674692,1.619999,3.8406804172593643,41.4454998,340911.3,59.70351329727896
2022-03-15,42.294998,42.945,41.5,42.099998,42.099998,101364.0,PCO,-0.19500000000000028,-0.4610474269321405,1.4450000000000003,3.4323042010595826,41.4964996,284299.6,57.97503507803367
2022-03-16,42.945,42.945,41.119999,42.400002,42.400002,309759.0,PCO,-0.5449979999999996,-1.26906042612644,1.8250010000000003,4.304247438478895,41.6249996,291800.5,65.680712707026
2022-03-17,42.849998,44.715,42.105,44.25,44.25,519773.0,PCO,1.4000020000000006,3.2672160218070503,2.6100000000000065,5.898305084745777,41.7499996,314626.9,65.8876815172325
2022-03-18,44.639999,46.349998,43.849998,45.744999,45.744999,1504789.0,PCO,1.1049999999999969,2.4753584783906395,2.5,5.465078270085874,42.248999399999995,424258.0,65.96465300884324
2022-03-21,46.32,47.445,45.005001,47.0,47.0,392250.0,PCO,0.6799999999999997,1.4680483592400686,2.4399990000000003,5.191487234042554,42.836999500000005,443677.4,68.7067850788873
2022-03-22,46.785,46.990002,45.310001,46.029999,46.029999,261110.0,PCO,-0.755001,-1.6137672330875281,1.6800009999999972,3.6497958646490463,43.38999940000001,440458.6,66.43262449333824
2022-03-23,45.84,46.5,45.5,46.0,46.0,164073.0,PCO,0.1599999999999966,0.3490401396160484,1.0,2.1739130434782608,43.7854996,413319.9,61.45038342753946
2022-03-24,45.439999,46.990002,45.41,46.349998,46.349998,418164.0,PCO,0.9099989999999991,2.0026386884383496,1.5800020000000004,3.4088502010291357,44.299499499999996,418239.1,74.96652609545545
2022-03-25,45.66,46.895,45.605,46.560001,46.560001,399011.0,PCO,0.9000010000000032,1.9710928602715796,1.2900000000000063,2.7706184971946333,44.861499699999996,426196.9,74.61538920988431
2022-03-28,46.154999,46.790001,45.0,46.25,46.25,326577.0,PCO,0.09500100000000344,0.20583035870069774,1.7900009999999966,3.870272432432425,45.2684997,439687.0,76.76907755341618
2022-03-29,46.5,46.724998,45.689999,45.689999,45.689999,282263.0,PCO,-0.8100009999999997,-1.7419376344086017,1.0349989999999991,2.265263783437595,45.627499799999995,457776.9,68.68271852598363
2022-03-30,46.0,46.470001,45.154999,46.0,46.0,141217.0,PCO,0.0,0.0,1.3150020000000069,2.858700000000015,45.9874996,440922.7,75.94797578203875
2022-03-31,45.744999,46.084999,43.744999,44.77,44.77,425967.0,PCO,-0.9749989999999968,-2.1313783393021755,2.3400000000000034,5.226714317623416,46.0394996,431542.1,68.79292255777204
2022-04-01,45.189999,46.634998,44.325001,45.75,45.75,642925.0,PCO,0.5600009999999997,1.2392144553931053,2.3099970000000027,5.049173770491809,46.039999699999996,345355.7,67.97581633368273
2022-04-04,46.665001,46.919998,45.509998,46.09,46.09,378907.0,PCO,-0.5750009999999932,-1.232188980345234,1.4099999999999966,3.0592319375135526,45.9489997,344021.4,69.57801595013784
2022-04-05,46.450001,46.450001,45.25,45.669998,45.669998,113399.0,PCO,-0.7800030000000007,-1.679231395495558,1.2000010000000003,2.6275477393276883,45.9129996,329250.3,65.85836436144932
2022-04-06,46.0,46.029999,44.32,45.240002,45.240002,142400.0,PCO,-0.7599980000000031,-1.652169565217398,1.7099989999999963,3.7798384712715007,45.8369998,327083.0,55.56806398918693
2022-04-07,45.724998,45.724998,44.845001,45.025002,45.025002,75535.0,PCO,-0.6999959999999987,-1.5308825163863293,0.8799969999999959,1.9544629892520513,45.7045002,292820.1,45.26940396738346
2022-04-08,45.924999,46.0,44.369999,45.5,45.5,103706.0,PCO,-0.4249989999999997,-0.9254197261931343,1.630001,3.58241978021978,45.5985001,263289.6,39.019033674963396
2022-04-11,45.209999,45.845001,44.619999,45.689999,45.689999,161508.0,PCO,0.4799999999999969,1.061712034101122,1.2250020000000035,2.681116276671408,45.542500000000004,246782.7,47.19008171572952
2022-04-12,45.93,45.93,45.029999,45.029999,45.029999,109684.0,PCO,-0.9000010000000032,-1.9595057696494735,0.9000010000000032,1.9986698200903874,45.4765,229524.8,42.73951238615453
2022-04-13,44.959999,45.5,44.560001,45.02,45.02,233382.0,PCO,0.06000099999999975,0.13345418446294838,0.9399990000000003,2.0879586850288767,45.3785,238741.3,39.511056782334414
2022-04-14,44.84,45.619999,44.68,45.0,45.0,93864.0,PCO,0.1599999999999966,0.35682426404994777,0.9399990000000003,2.0888866666666672,45.4015,205531.0,37.317058853849844
2022-04-19,45.18,45.18,43.720001,44.400002,44.400002,137582.0,PCO,-0.7799979999999991,-1.726423196104469,1.4599989999999963,3.288285887915041,45.266500199999996,154996.7,35.63664810867836
2022-04-20,44.0,44.66,43.16,43.599998,43.599998,232229.0,PCO,-0.40000200000000063,-0.909095454545456,1.5,3.4403671302920698,45.0175,140328.9,34.356272914493815
2022-04-21,44.700001,44.720001,42.560001,43.279999,43.279999,103440.0,PCO,-1.4200020000000038,-3.1767381839655973,2.1600000000000037,4.990757971135822,44.778500099999995,139333.0,29.671128304281225
2022-04-22,42.419998,43.080002,41.580002,41.619999,41.619999,92094.0,PCO,-0.7999989999999997,-1.8859006075389249,1.5,3.6040366074972754,44.4164998,134302.4,27.87919092639811
2022-04-25,40.580002,42.68,40.200001,42.299999,42.299999,354083.0,PCO,1.7199969999999993,4.238533551575476,2.4799989999999994,5.862881935292716,44.1439995,162157.2,24.706718993195764
2022-04-26,42.799999,42.799999,40.540001,42.119999,42.119999,255796.0,PCO,-0.6799999999999997,-1.588785083850118,2.259998000000003,5.365617411339452,43.805999400000005,177366.2,20.195165311685642
2022-04-27,41.82,42.740002,41.119999,41.799999,41.799999,130073.0,PCO,-0.0200010000000006,-0.047826398852225255,1.620002999999997,3.8756053558757193,43.416999399999995,174222.7,20.503024927008298
2022-04-28,42.799999,42.799999,41.240002,41.240002,41.240002,127150.0,PCO,-1.5599970000000027,-3.6448528888984386,1.5599970000000027,3.7827277505951695,43.0379997,175969.3,20.10460696975214
2022-04-29,41.66,42.220001,41.279999,41.779999,41.779999,68682.0,PCO,0.11999899999999997,0.28804368698991833,0.9400020000000069,2.2498851663448027,42.7139996,159499.3,26.87093967761325
2022-05-02,42.5,42.5,39.799999,40.939999,40.939999,52139.0,PCO,-1.5600009999999997,-3.6705905882352936,2.7000010000000003,6.595019701881283,42.3079995,155326.8,19.10565497826353
2022-05-04,40.119999,42.220001,40.02,41.48,41.48,120882.0,PCO,1.360000999999997,3.3898330854893515,2.2000010000000003,5.303763259402123,42.0159993,153656.8,22.76842352420664
2022-05-05,40.66,42.5,40.66,41.619999,41.619999,44395.0,PCO,0.9599990000000034,2.361040334481071,1.8400000000000034,4.420951571863333,41.8179994,134873.4,26.352268809100266
2022-05-06,40.619999,41.360001,40.220001,40.439999,40.439999,64221.0,PCO,-0.17999999999999972,-0.4431314732430193,1.1399999999999935,2.8189911676308235,41.5339994,130951.5,22.67300875477848
2022-05-09,40.0,40.400002,39.139999,39.139999,39.139999,99683.0,PCO,-0.8600009999999969,-2.1500024999999923,1.2600029999999975,3.219220828288722,41.285999399999994,131710.4,19.668716184635713
2022-05-10,39.700001,41.560001,39.02,40.0,40.0,284637.0,PCO,0.2999989999999997,0.7556649683711587,2.5400009999999966,6.350002499999992,41.0559995,124765.8,27.82256609325927
2022-05-11,39.779999,41.580002,39.720001,40.5,40.5,254186.0,PCO,0.7200010000000034,1.8099573104564521,1.860000999999997,4.592595061728388,40.893999599999994,124604.8,33.88773423351407
2022-05-12,39.720001,40.919998,39.040001,40.400002,40.400002,125917.0,PCO,0.6800009999999972,1.711986361732461,1.879997000000003,4.653457690422894,40.753999900000004,124189.2,34.680855613403125
2022-05-13,40.419998,41.48,40.299999,40.759998,40.759998,143816.0,PCO,0.3400000000000034,0.8411677803645696,1.1800009999999972,2.8949976886652373,40.705999500000004,125855.8,44.69134464256681
2022-05-16,40.439999,42.099998,40.439999,41.939999,41.939999,68917.0,PCO,1.5,3.7091989047774208,1.6599989999999991,3.9580329985224822,40.721999499999995,125879.3,47.906974310435245
2022-05-17,42.360001,42.380001,41.540001,41.880001,41.880001,270766.0,PCO,-0.4799999999999969,-1.1331444491703315,0.8400000000000034,2.0057306111334703,40.8159997,147742.0,48.58491545035205
2022-05-18,41.52,42.099998,40.259998,40.52,40.52,69223.0,PCO,-1.0,-2.4084778420038533,1.8399999999999963,4.5409674234945605,40.7199997,142576.1,43.27730840865469
2022-05-19,39.700001,40.099998,39.5,39.639999,39.639999,53822.0,PCO,-0.060001999999997224,-0.15113853523579815,0.5999979999999994,1.5136175962062948,40.5219997,143518.8,41.8698976716752
2022-05-20,39.639999,41.200001,39.639999,40.0,40.0,84303.0,PCO,0.3600009999999969,0.908176107673456,1.5600019999999972,3.900004999999993,40.477999800000006,145527.0,40.78675179712789
2022-05-23,40.619999,41.439999,40.5,40.759998,40.759998,110187.0,PCO,0.1399990000000031,0.3446553506808385,0.9399990000000003,2.306180191667331,40.639999700000004,146577.4,49.060537087963006
2022-05-24,40.5,41.18,39.439999,39.740002,39.740002,86450.0,PCO,-0.7599980000000031,-1.876538271604946,1.7400009999999995,4.378462285935465,40.6139999,126758.7,41.351890011819094
2022-05-25,40.540001,40.639999,38.619999,39.959999,39.959999,70626.0,PCO,-0.5800019999999932,-1.430690640584822,2.020000000000003,5.055055181557945,40.5599998,108402.7,41.81458597386902
2022-05-26,40.48,40.959999,39.599998,40.200001,40.200001,127170.0,PCO,-0.27999899999999656,-0.6916971343873434,1.360001000000004,3.3830869805202344,40.539999699999996,108528.0,48.695661625719154
2022-05-27,40.200001,40.639999,39.619999,40.240002,40.240002,114026.0,PCO,0.04000099999999662,0.09950497264912164,1.0200000000000031,2.5347911265014433,40.4880001,105549.0,56.926978884484846
2022-05-30,40.900002,40.900002,39.380001,39.66,39.66,103460.0,PCO,-1.240002000000004,-3.031789582797585,1.5200010000000006,3.8325794251134666,40.2600002,109003.3,47.780676533343616
2022-05-31,39.66,40.0,38.639999,38.66,38.66,118260.0,PCO,-1.0,-2.5214321734745337,1.360000999999997,3.5178504914640376,39.9380001,93752.7,38.72547914262659
2022-06-01,38.700001,39.619999,38.700001,39.0,39.0,128557.0,PCO,0.2999989999999997,0.7751911944395032,0.9199979999999996,2.3589692307692296,39.7860001,99686.1,41.66664880951105
2022-06-02,39.560001,39.560001,38.200001,39.5,39.5,109763.0,PCO,-0.06000099999999975,-0.15167087584249492,1.3599999999999994,3.443037974683543,39.772000199999994,105280.2,42.62296080163015
2022-06-03,39.779999,39.779999,38.439999,39.0,39.0,68100.0,PCO,-0.7799989999999966,-1.9607818491900832,1.3399999999999963,3.435897435897427,39.6720002,103659.9,31.297709146708343
2022-06-06,39.0,40.84,38.799999,40.0,40.0,116098.0,PCO,1.0,2.564102564102564,2.0400010000000037,5.100002500000009,39.596000399999994,104251.0,39.31817492251989
2022-06-07,40.0,40.459999,39.560001,40.060001,40.060001,29008.0,PCO,0.06000099999999975,0.15000249999999937,0.8999980000000036,2.2466250063248965,39.6280003,98506.8,46.93333959111193
2022-06-08,39.799999,39.959999,38.240002,38.82,38.82,93094.0,PCO,-0.9799989999999994,-2.4623091070931924,1.7199970000000064,4.430698093766116,39.5140004,100753.6,44.78372071039703
2022-06-09,38.959999,39.5,37.119999,38.18,38.18,174891.0,PCO,-0.7799990000000037,-2.002050872742588,2.380001,6.233632792037716,39.3120003,105525.7,38.820636073866375
2022-06-10,37.400002,37.880001,36.259998,36.259998,36.259998,109314.0,PCO,-1.1400039999999976,-3.04813887443107,1.620002999999997,4.4677415591694105,38.9139999,105054.5,25.80645681581575
2022-06-13,35.439999,36.48,34.619999,36.0,36.0,157425.0,PCO,0.5600009999999997,1.5801383064373102,1.860000999999997,5.166669444444436,38.54799989999999,110451.0,28.103043043071196
2022-06-14,36.720001,37.279999,35.279999,36.900002,36.900002,308589.0,PCO,0.1800009999999972,0.4901987883932715,2.0,5.420053906772146,38.3720001,129483.9,33.405672380580086
2022-06-15,37.400002,37.400002,35.099998,35.720001,35.720001,171718.0,PCO,-1.6800009999999972,-4.491981043209562,2.3000040000000013,6.438980782783296,38.044000200000006,133800.0,27.952773265532883
2022-06-17,35.759998,36.900002,35.0,35.939999,35.939999,265926.0,PCO,0.1800009999999972,0.5033585292706033,1.9000020000000006,5.2865944709681285,37.6880001,149416.3,29.206958797408717
2022-06-20,36.66,36.799999,35.540001,35.919998,35.919998,258009.0,PCO,-0.7400019999999969,-2.0185542825968277,1.259998000000003,3.5077897276052274,37.3799999,168407.2,30.879343198632654
2022-06-21,36.48,36.560001,35.580002,36.040001,36.040001,74369.0,PCO,-0.43999900000000025,-1.2061376096491236,0.9799989999999994,2.7191980377580993,36.984,164234.3,35.280916071189594
2022-06-22,35.32,36.299999,34.540001,36.0,36.0,65818.0,PCO,0.6799999999999997,1.925254813137032,1.759998000000003,4.888883333333341,36.5779999,167915.3,32.55815575985508
2022-06-23,35.540001,37.580002,35.540001,36.52,36.52,291269.0,PCO,0.9799990000000065,2.757453495851074,2.0400010000000037,5.585983023001105,36.347999900000005,187732.8,32.714633211477306
2022-06-24,36.84,37.18,36.200001,36.48,36.48,63560.0,PCO,-0.36000000000000654,-0.9771986970684216,0.9799989999999994,2.686400767543858,36.1779999,176599.7,34.558838667805205
2022-06-27,36.259998,37.880001,36.259998,37.799999,37.799999,385448.0,PCO,1.5400009999999966,4.2471072392226725,1.620002999999997,4.285722335601112,36.33200000000001,204213.1,37.02830669833173
2022-06-28,37.84,38.619999,36.82,37.0,37.0,273928.0,PCO,-0.8400000000000034,-2.219873150105717,1.7999989999999997,4.8648621621621615,36.432,215863.4,33.405643489347355
2022-06-29,36.900002,37.139999,35.68,36.299999,36.299999,475035.0,PCO,-0.600003000000001,-1.6260243021125065,1.4599990000000034,4.022035923472074,36.371999699999996,232508.0,35.48387356919724
2022-06-30,36.040001,36.560001,34.240002,34.84,34.84,451619.0,PCO,-1.2000009999999932,-3.329636422596085,2.319999000000003,6.659009758897826,36.2839996,260498.1,32.42106003323789
2022-07-01,34.900002,35.380001,34.52,34.720001,34.720001,124181.0,PCO,-0.1800009999999972,-0.5157621480938517,0.8600009999999969,2.4769613341888927,36.1619998,246323.6,40.00002077921808
2022-07-04,35.380001,35.860001,34.799999,35.119999,35.119999,46004.0,PCO,-0.26000200000000007,-0.7348840945482169,1.0600019999999972,3.01822901532542,36.0819999,225123.1,44.387749440338084
2022-07-05,35.799999,35.799999,34.419998,34.560001,34.560001,142119.0,PCO,-1.239998,-3.4636816609966945,1.380001,3.993058333534192,35.933999899999996,231898.1,34.39998709332815
2022-07-06,35.259998,35.959999,34.279999,34.560001,34.560001,270105.0,PCO,-0.6999970000000033,-1.985244015045047,1.6800000000000068,4.861110970453985,35.79,252326.8,40.822779001758825
2022-07-07,35.080002,35.5,34.419998,35.0,35.0,105929.0,PCO,-0.08000200000000035,-0.2280558592898608,1.0800020000000004,3.085720000000001,35.638,233792.8,42.81346000617431
2022-07-08,34.799999,35.0,34.540001,34.84,34.84,241230.0,PCO,0.04000100000000373,0.11494540560189018,0.4599990000000034,1.3203185993111461,35.474000000000004,251559.8,41.916177794118454
2022-07-11,35.0,35.400002,33.700001,34.099998,34.099998,212262.0,PCO,-0.9000020000000006,-2.5714342857142873,1.7000010000000003,4.985340468348416,35.103999900000005,234241.2,36.71229911801312
2022-07-12,34.099998,35.200001,33.099998,34.139999,34.139999,959184.0,PCO,0.04000100000000373,0.11730499221731254,2.100003000000001,6.151151322529333,34.817999799999996,302766.8,37.2602583974373
2022-07-13,34.16,35.200001,34.02,34.259998,34.259998,177260.0,PCO,0.09999800000000647,0.2927341920374897,1.1800009999999972,3.4442529739785654,34.61399970000001,272989.3,33.62315967231277
2022-07-14,35.0,35.0,33.16,33.82,33.82,318014.0,PCO,-1.1799999999999997,-3.3714285714285706,1.8400000000000034,5.440567711413375,34.511999700000004,259628.8,31.780801951563816
2022-07-15,33.900002,34.34,33.220001,33.540001,33.540001,210048.0,PCO,-0.360001000000004,-1.0619497898554815,1.119999,3.33929328147605,34.3939997,268215.5,15.974413385831795
2022-07-18,33.84,35.099998,33.619999,34.700001,34.700001,159392.0,PCO,0.8600009999999969,2.5413741134751677,1.4799989999999994,4.265126678238422,34.3519999,279554.3,32.628387975636855
2022-07-19,34.700001,34.759998,33.82,34.580002,34.580002,125889.0,PCO,-0.11999899999999997,-0.34581843383808536,0.9399980000000028,2.7183283563719947,34.354,277931.3,35.761593022241286
2022-07-20,35.0,35.0,34.380001,34.5,34.5,72244.0,PCO,-0.5,-1.4285714285714286,0.619999,1.7970985507246375,34.347999900000005,258145.2,46.35192663338191
2022-07-21,34.5,34.84,33.82,33.860001,33.860001,91164.0,PCO,-0.6399990000000031,-1.8550695652174,1.0200000000000031,3.01240392757225,34.234,256668.7,41.698832083589245
2022-07-22,34.560001,34.560001,33.200001,34.18,34.18,266911.0,PCO,-0.38000100000000003,-1.099539898740165,1.3599999999999994,3.978935049736686,34.168,259236.8,40.78431449442601
2022-07-25,34.02,34.240002,33.700001,33.98,33.98,125955.0,PCO,-0.04000000000000625,-0.1175778953556915,0.5400009999999966,1.5891730429664412,34.1560002,250606.1,43.88184211930936
2022-07-26,34.0,34.0,32.599998,33.0,33.0,356307.0,PCO,-1.0,-2.941176470588235,1.4000020000000006,4.2424303030303046,34.0420003,190318.4,36.36362047043037
2022-07-27,32.599998,33.16,32.18,33.0,33.0,196780.0,PCO,0.40000200000000063,1.2270000752760801,0.9799999999999969,2.9696969696969604,33.916000499999996,192270.4,31.06059888659057
2022-07-28,32.400002,33.68,32.299999,33.639999,33.639999,154418.0,PCO,1.2399970000000025,3.82715099832402,1.380001,4.102262309817547,33.8980004,175910.8,39.583319227423246
2022-07-29,33.639999,34.139999,33.639999,33.919998,33.919998,120480.0,PCO,0.27999899999999656,0.8323395015558608,0.5,1.474056690687305,33.9360001,166954.0,48.301884870058345
2022-08-01,34.0,37.18,34.0,36.580002,36.580002,201135.0,PCO,2.5800020000000004,7.588241176470589,3.1799999999999997,8.69327453836662,34.1240002,171128.3,65.40406517830746
2022-08-02,35.580002,36.66,35.560001,36.400002,36.400002,188118.0,PCO,0.8200000000000003,2.3046654128912087,1.0999989999999968,3.0219751086826774,34.3060002,177351.2,63.40854972645352
2022-08-03,36.040001,36.48,34.700001,35.220001,35.220001,95606.0,PCO,-0.8199999999999932,-2.275249659399269,1.7799989999999966,5.053943638445656,34.378000300000004,179687.4,58.02752774913674
2022-08-04,35.919998,35.919998,34.799999,35.119999,35.119999,169766.0,PCO,-0.7999989999999997,-2.227168832247707,1.119999,3.189063302649866,34.5040001,187547.6,59.250569437672404
2022-08-05,34.700001,35.639999,34.52,35.139999,35.139999,218489.0,PCO,0.4399980000000028,1.268005727146817,1.119999,3.187248240957548,34.6,182705.4,52.972957852455224
2022-08-08,35.240002,36.18,34.5,35.900002,35.900002,190581.0,PCO,0.6600000000000037,1.8728716303705195,1.6799999999999997,4.679665477455961,34.792000200000004,189168.0,58.20894705577407
2022-08-09,36.200001,36.200001,35.299999,36.18,36.18,367127.0,PCO,-0.0200010000000006,-0.05525137968919007,0.9000020000000006,2.487567716970704,35.1100002,190250.0,60.194169808655424
2022-08-10,36.5,37.279999,36.220001,36.599998,36.599998,334191.0,PCO,0.09999799999999937,0.2739671232876695,1.0599979999999931,2.896169557167717,35.470000000000006,203991.1,67.08226917122101
2022-08-11,37.299999,37.299999,36.32,36.700001,36.700001,72178.0,PCO,-0.5999979999999994,-1.6085737696668556,0.9799989999999994,2.6702969299646595,35.776000200000006,195767.1,66.1538380670684
2022-08-12,36.779999,37.959999,36.700001,37.5,37.5,145352.0,PCO,0.7200010000000034,1.957588416465165,1.259998000000003,3.3599946666666747,36.134000400000005,198254.3,70.95236598640527
2022-08-16,38.18,38.700001,37.220001,37.939999,37.939999,297923.0,PCO,-0.24000099999999946,-0.6286039811419577,1.4799999999999969,3.900896254636161,36.2700001,207933.1,81.4249100350445
2022-08-17,38.0,38.5,37.220001,38.099998,38.099998,262687.0,PCO,0.09999799999999937,0.2631526315789457,1.2799989999999966,3.3595776041772933,36.4399997,215390.0,81.795482895021
2022-08-18,38.099998,38.700001,37.639999,38.18,38.18,150882.0,PCO,0.08000200000000035,0.20997901364719326,1.0600019999999972,2.776327920377154,36.7359996,220917.6,80.42893257338766
2022-08-19,37.720001,38.919998,37.619999,38.099998,38.099998,191173.0,PCO,0.3799969999999959,1.0074151376613056,1.2999989999999997,3.4120710452530725,37.03399950000001,223058.3,78.7878391352078
2022-08-22,38.080002,38.119999,35.700001,36.700001,36.700001,67467.0,PCO,-1.380001,-3.6239520155487384,2.4199979999999996,6.593999820326979,37.1899997,207956.1,50.99999116667109
2022-08-23,35.900002,37.799999,35.900002,37.700001,37.700001,116201.0,PCO,1.7999989999999997,5.013924511759079,1.899996999999999,5.039779707167645,37.3699996,200518.1,59.53078026505267
2022-08-24,37.240002,37.900002,36.900002,37.639999,37.639999,90938.0,PCO,0.39999700000000615,1.0741057425292462,1.0,2.6567482108594103,37.5159995,172899.2,71.22803773471037
2022-08-25,37.720001,39.099998,37.66,38.299999,38.299999,95628.0,PCO,0.5799979999999962,1.5376404682491822,1.4399980000000028,3.7597859989500333,37.685999599999995,149042.9,75.399352907555
2022-08-26,38.040001,38.959999,37.619999,38.0,38.0,98171.0,PCO,-0.04000099999999662,-0.10515509713050909,1.3400000000000034,3.5263157894736934,37.8159995,151642.2,71.86544772699577
2022-08-29,37.240002,37.240002,36.139999,36.599998,36.599998,43469.0,PCO,-0.6400039999999976,-1.7185928185503254,1.1000029999999938,3.0054728418291003,37.7259993,141453.9,54.874623955431744
2022-08-30,36.98,37.279999,35.560001,35.700001,35.700001,39709.0,PCO,-1.2799989999999966,-3.4613277447268707,1.7199979999999968,4.81792143367166,37.5019995,115632.5,46.92308293885679
2022-08-31,36.419998,36.419998,34.900002,35.439999,35.439999,69718.0,PCO,-0.9799989999999994,-2.690826616739516,1.519995999999999,4.2889278862564275,37.2359996,96335.6,42.40838648885347
2022-09-01,34.799999,35.700001,34.5,35.18,35.18,56909.0,PCO,0.38000100000000003,1.091956927929797,1.2000010000000003,3.4110318362706096,36.9359996,86938.3,40.25640259697468
2022-09-02,35.200001,35.66,34.5,34.939999,34.939999,87635.0,PCO,-0.26000200000000007,-0.7386420244703972,1.1599999999999966,3.319977198625554,36.6199997,76584.5,32.320437524801434
2022-09-05,34.200001,34.740002,33.560001,34.32,34.32,229916.0,PCO,0.11999899999999997,0.3508742587463666,1.1800009999999972,3.438231351981344,36.3819996,92829.4,25.60647902877639
2022-09-06,34.0,34.959999,34.0,34.48,34.48,76281.0,PCO,0.4799999999999969,1.4117647058823437,0.9599990000000034,2.784219837587017,36.0599995,88837.4,25.60648905485465
2022-09-07,33.619999,35.84,33.599998,35.52,35.52,251848.0,PCO,1.9000010000000032,5.65140111991081,2.240002000000004,6.3063119369369485,35.8479996,104928.4,34.12887828162293
2022-09-08,35.299999,35.799999,34.259998,34.959999,34.959999,226192.0,PCO,-0.3399999999999963,-0.9631728318179168,1.5400009999999966,4.405037311356892,35.5139996,117984.8,32.279913349877376
2022-09-09,35.18,36.080002,34.5,36.080002,36.080002,77173.0,PCO,0.9000020000000006,2.55827743035816,1.5800020000000004,4.379162728427788,35.3219998,115885.0,46.386954319956686
2022-09-12,35.360001,36.34,35.060001,35.68,35.68,91982.0,PCO,0.3199990000000028,0.9049745219181494,1.2799990000000037,3.587441143497768,35.230000000000004,120736.3,37.34336323263875
2022-09-13,36.299999,36.299999,34.02,34.299999,34.299999,75391.0,PCO,-2.0,-5.5096420250590095,2.2799989999999966,6.647227599044527,35.0899998,124304.5,32.043022337835026
2022-09-14,34.919998,35.799999,34.459999,35.32,35.32,238804.0,PCO,0.40000200000000063,1.1454811652623824,1.3399999999999963,3.793884484711201,35.077999899999995,141213.1,34.57558571127329
2022-09-15,35.34,35.84,34.5,35.619999,35.619999,185043.0,PCO,0.27999899999999656,0.792300509337851,1.3400000000000034,3.761931604770689,35.1219998,154026.5,37.68116317099977
2022-09-16,34.900002,36.0,33.139999,34.419998,34.419998,454852.0,PCO,-0.480004000000001,-1.3753695486894268,2.860000999999997,8.309125991233342,35.0699997,190748.2,38.47780857644277
2022-09-19,33.860001,35.279999,33.860001,34.900002,34.900002,68408.0,PCO,1.0400010000000037,3.0714736245873233,1.4199979999999996,4.068761944483555,35.1279999,174597.4,45.5752331329612
2022-09-20,34.799999,35.299999,34.459999,35.119999,35.119999,90658.0,PCO,0.3200000000000003,0.9195402563086289,0.8399999999999963,2.3917996125227576,35.1919998,176035.1,48.22222380246773
2022-09-21,34.799999,35.560001,34.52,35.560001,35.560001,59012.0,PCO,0.7600020000000001,2.183913855859594,1.0400009999999966,2.9246371506007454,35.1959999,156751.5,52.06971974216589
2022-09-22,34.84,35.560001,34.380001,34.48,34.48,70186.0,PCO,-0.36000000000000654,-1.033295063145828,1.1799999999999997,3.4222737819025517,35.148,141150.9,47.70459832828525
2022-09-23,34.400002,34.560001,33.0,33.720001,33.720001,100946.0,PCO,-0.6800009999999972,-1.9767469780960976,1.5600009999999997,4.6263373479733865,34.9119999,143528.2,47.04725221262065
2022-09-26,33.119999,34.240002,32.779999,33.580002,33.580002,105991.0,PCO,0.4600030000000004,1.3888979887952302,1.4600030000000004,4.3478347618919155,34.7020001,144929.1,45.56214441603117
2022-09-27,34.259998,34.360001,33.099998,33.619999,33.619999,75378.0,PCO,-0.6399990000000031,-1.8680649076512001,1.2600029999999975,3.7477782197435445,34.6340001,144927.8,39.60612940449605
2022-09-28,32.939999,33.18,31.860001,31.959999,31.959999,426616.0,PCO,-0.9800000000000004,-2.9751063441137338,1.3199989999999993,4.130159703697109,34.297999999999995,163709.0,35.35157108306379
2022-09-29,31.959999,32.360001,30.620001,30.620001,30.620001,181585.0,PCO,-1.3399980000000014,-4.19273479952237,1.7399999999999984,5.682560232444142,33.798000200000004,163363.2,23.90057132881728
2022-09-30,30.959999,31.02,29.1,29.9,29.9,455237.0,PCO,-1.0599990000000012,-3.4237694904318348,1.9199999999999982,6.421404682274241,33.3460004,163401.7,23.191094619666046
2022-10-03,29.9,29.9,28.32,29.5,29.5,498860.0,PCO,-0.3999999999999986,-1.3377926421404636,1.5799999999999983,5.355932203389824,32.80600020000001,206446.9,25.510206684714973
2022-10-04,29.52,30.84,29.52,30.1,30.1,390654.0,PCO,0.5800000000000018,1.964769647696483,1.3200000000000003,4.385382059800666,32.3040003,236446.5,22.17483415241668
2022-10-05,29.780001,31.16,29.6,30.719999,30.719999,108864.0,PCO,0.9399980000000028,3.1564740377275435,1.5599999999999987,5.0781251653035495,31.820000100000005,241431.7,24.742262833456266
2022-10-06,31.0,31.32,29.719999,30.120001,30.120001,205117.0,PCO,-0.8799990000000015,-2.838706451612908,1.600000999999999,5.312088137048863,31.384000200000003,254924.8,26.37362987562082
2022-10-07,29.98,30.120001,29.120001,29.5,29.5,151597.0,PCO,-0.4800000000000004,-1.6010673782521696,1.0,3.389830508474576,30.9620001,259989.9,20.779184657302736
2022-10-10,28.98,29.879999,28.799999,29.48,29.48,124888.0,PCO,0.5,1.725327812284334,1.0800000000000018,3.663500678426058,30.5519999,261879.6,18.805298011779882
2022-10-11,29.5,30.0,28.860001,29.860001,29.860001,138544.0,PCO,0.36000100000000046,1.2203423728813576,1.1399989999999995,3.8178130000732406,30.1760001,268196.2,18.262785030814058
2022-10-12,29.860001,31.299999,29.84,30.700001,30.700001,222088.0,PCO,0.8399999999999999,2.8131278361310166,1.4599989999999998,4.755696913495214,30.0500003,247743.4,28.375274442439505
2022-10-13,31.48,31.52,30.1,30.42,30.42,402635.0,PCO,-1.0599999999999987,-3.36721728081321,1.4199999999999982,4.667981591058508,30.0300002,269848.4,30.024194929900077
2022-10-14,31.799999,31.799999,30.5,31.0,31.0,261515.0,PCO,-0.7999989999999997,-2.5157202048968608,1.2999989999999997,4.193545161290321,30.140000199999996,250476.2,35.17239548156114
2022-10-17,31.0,31.879999,30.620001,31.6,31.6,200422.0,PCO,0.6000000000000014,1.9354838709677464,1.259998000000003,3.9873354430379844,30.3500002,220632.4,39.09287679188735
2022-10-18,32.0,33.259998,32.0,32.599998,32.599998,168388.0,PCO,0.5999979999999994,1.874993749999998,1.259998000000003,3.8650247769953947,30.6,198405.8,53.72092571660199
2022-10-19,33.200001,33.200001,31.0,31.280001,31.280001,163475.0,PCO,-1.9200000000000017,-5.783132355929753,2.2000010000000003,7.0332510539242,30.6560002,203866.9,53.8461556392334
2022-10-20,31.120001,31.74,30.58,31.74,31.74,232039.0,PCO,0.619999,1.9922846403507506,1.1600000000000001,3.654694391934468,30.8180001,206559.1,61.057700281995395
2022-10-21,31.1,31.719999,30.34,30.58,30.58,131179.0,PCO,-0.5200000000000031,-1.672025723472679,1.3799990000000015,4.512750163505565,30.9260001,204517.3,55.94714049370516
2022-10-24,30.84,32.220001,30.68,31.719999,31.719999,153969.0,PCO,0.8799990000000015,2.853433852140083,1.5400010000000037,4.854984390131928,31.15,207425.4,58.41995934924277
2022-10-25,32.82,32.82,31.1,31.16,31.16,83217.0,PCO,-1.6600000000000001,-5.05789152955515,1.7199999999999989,5.5198973042361965,31.2799999,201892.7,52.30126214527562
2022-10-26,31.76,32.82,31.18,32.5,32.5,197675.0,PCO,0.7399999999999984,2.3299748110831184,1.6400000000000006,5.046153846153848,31.459999800000002,199451.4,61.553398812329526
2022-10-27,32.34,32.799999,31.700001,32.040001,32.040001,204385.0,PCO,-0.2999990000000068,-0.9276406926407136,1.0999979999999994,3.433202140037385,31.621999900000002,179626.4,62.524668409534385
2022-10-28,32.18,33.52,31.82,32.900002,32.900002,136706.0,PCO,0.7200020000000009,2.2374207582349315,1.7000000000000028,5.167172938165788,31.8120001,167145.5,65.57378810953813
2022-10-31,32.900002,33.900002,32.540001,33.580002,33.580002,153909.0,PCO,0.6799999999999997,2.0668691752663104,1.360001000000004,4.050032516376873,32.010000299999994,162494.2,66.48937636752078
2022-11-02,34.099998,36.380001,34.0,36.299999,36.299999,474627.0,PCO,2.2000010000000003,6.45161621417104,2.380001,6.556476764641234,32.3800004,193118.1,71.2766043135291
2022-11-03,36.0,36.0,34.400002,34.400002,34.400002,230844.0,PCO,-1.5999979999999994,-4.444438888888888,1.5999979999999994,4.651156706328097,32.6920005,199855.0,63.46416025021944
2022-11-04,34.799999,35.419998,34.5,34.5,34.5,166649.0,PCO,-0.2999989999999997,-0.8620661167260368,0.9199979999999996,2.666660869565216,32.9680005,193316.0,62.23777593037865
2022-11-07,34.52,35.560001,34.119999,34.880001,34.880001,189233.0,PCO,0.3600009999999969,1.0428765932792494,1.4400019999999998,4.128445982556021,33.3980006,199121.4,61.64774323268099
2022-11-08,34.880001,35.259998,34.400002,34.580002,34.580002,65352.0,PCO,-0.2999989999999997,-0.8600888514882774,0.8599960000000024,2.486974986294108,33.6840009,190259.7,57.399125828681726
2022-11-09,34.619999,35.0,34.16,34.400002,34.400002,79637.0,PCO,-0.21999699999999933,-0.6354621789561558,0.8400000000000034,2.441860323147665,34.0080011,189901.7,62.74511357812494
2022-11-10,34.400002,35.299999,33.959999,35.0,35.0,282409.0,PCO,0.5999979999999994,1.7441801311523162,1.3399999999999963,3.828571428571418,34.2580011,198375.1,63.16641017745736
2022-11-14,38.0,41.720001,37.98,39.0,39.0,2523197.0,PCO,1.0,2.631578947368421,3.7400010000000066,9.589746153846171,34.954001000000005,430256.3,77.66099421366167
2022-11-15,40.0,41.34,38.779999,40.040001,40.040001,2206332.0,PCO,0.04000099999999662,0.10000249999999156,2.560001000000007,6.393608731428372,35.668000899999996,637218.9,77.51325232357956
2022-11-16,39.959999,40.299999,39.119999,39.48,39.48,871042.0,PCO,-0.4799990000000065,-1.2011987287587431,1.1799999999999997,2.9888551165146904,36.258000700000004,708932.2,77.51324207049844
2022-11-17,40.259998,40.299999,38.779999,39.0,39.0,637635.0,PCO,-1.259998000000003,-3.1296524157800576,1.5200000000000031,3.8974358974359053,36.5280008,725233.0,72.79103662891256
2022-11-18,38.959999,40.119999,38.560001,39.560001,39.560001,684820.0,PCO,0.6000019999999964,1.540046240760931,1.5599980000000002,3.943371993342468,37.0440007,770630.6,76.18385495147145
2022-11-21,40.98,42.639999,39.84,40.0,40.0,1256588.0,PCO,-0.9799999999999969,-2.391410444119075,2.7999989999999997,6.999997499999999,37.594000699999995,879624.5,75.46629151580576
2022-11-22,40.299999,40.299999,38.939999,39.759998,39.759998,817039.0,PCO,-0.5400009999999966,-1.3399528868474577,1.3599999999999994,3.4205233108915127,38.0820004,942405.1,72.88888424691154
2022-11-23,40.040001,40.740002,39.48,39.919998,39.919998,863991.0,PCO,-0.12000299999999697,-0.29970778472257525,1.260002,3.156317793402695,38.616,1022269.0,66.5447897289186
2022-11-24,40.279999,40.400002,39.599998,40.0,40.0,599119.0,PCO,-0.27999899999999656,-0.6951315962048474,0.8000040000000013,2.000010000000003,39.1759998,1074217.2,80.70173668821569
2022-11-25,40.900002,41.599998,40.040001,40.580002,40.580002,1042042.0,PCO,-0.3200000000000003,-0.7823960497605851,1.5599970000000027,3.844250673028559,39.733999999999995,1150180.5,81.66665729167258
2022-11-28,40.84,40.84,38.619999,38.939999,38.939999,1187722.0,PCO,-1.9000010000000032,-4.652304113614111,2.2200010000000034,5.701081296894752,39.7279999,1016633.0,68.69242637758649
2022-11-29,38.900002,39.740002,37.52,39.259998,39.259998,1603189.0,PCO,0.3599960000000024,0.9254395411085131,2.220001999999994,5.65461567267526,39.6499996,956318.7,71.5073187446186
2022-11-30,39.98,41.720001,39.599998,41.099998,41.099998,16904922.0,PCO,1.1199980000000025,2.801395697848931,2.120003000000004,5.158158401856867,39.811999400000005,2559706.7,76.71448056492471
2022-12-01,40.32,41.0,38.700001,39.240002,39.240002,1785024.0,PCO,-1.0799980000000033,-2.6785664682539765,2.2999989999999997,5.861363105944795,39.8359996,2674445.6,65.36231940768721
2022-12-02,39.98,39.98,37.419998,37.799999,37.799999,891561.0,PCO,-2.180000999999997,-5.45272886443221,2.5600019999999972,6.772492242658518,39.6599994,2695119.7,44.66192153404859
2022-12-05,38.299999,38.919998,37.700001,38.619999,38.619999,405771.0,PCO,0.3200000000000003,0.8355091601960624,1.2199969999999993,3.1589772956752262,39.5219993,2610038.0,43.55716438681352
2022-12-06,38.98,39.52,38.16,39.380001,39.380001,682716.0,PCO,0.40000100000000316,1.0261698306824094,1.3600000000000065,3.453529622815415,39.4839996,2596605.7,49.55437201520963
2022-12-07,39.580002,40.299999,38.880001,38.959999,38.959999,401952.0,PCO,-0.620002999999997,-1.5664552012907857,1.4199979999999996,3.6447588204506873,39.3879997,2550401.8,49.8207842268256
2022-12-08,39.380001,39.779999,38.720001,39.400002,39.400002,429949.0,PCO,0.0200010000000006,0.05078973969553887,1.0599979999999931,2.6903501172410933,39.327999899999995,2533484.8,49.27536770110687
2022-12-09,39.639999,40.18,38.900002,39.880001,39.880001,858635.0,PCO,0.24000199999999694,0.6054541020548384,1.279997999999999,3.209623791132801,39.2579998,2515144.1,49.45848890249497
2022-12-12,39.880001,39.900002,39.119999,39.32,39.32,394937.0,PCO,-0.5600009999999997,-1.4042151102252975,0.7800030000000007,1.98373092573754,39.2959999,2435865.6,48.070186241909205
2022-12-13,39.880001,40.200001,38.880001,39.16,39.16,1121600.0,PCO,-0.7200010000000034,-1.8054187109975333,1.3200000000000003,3.3707865168539337,39.2860001,2387706.7,46.666678947355486
2022-12-14,39.740002,40.48,39.279999,39.5,39.5,600292.0,PCO,-0.24000199999999694,-0.6039305181715817,1.2000010000000003,3.0379772151898745,39.1260003,757243.7,47.85591950607246
2022-12-15,39.900002,39.900002,37.939999,38.139999,38.139999,412516.0,PCO,-1.7600029999999975,-4.411034866614787,1.9600030000000004,5.138969720476396,39.016,619992.9,40.19292108229183
2022-12-16,38.599998,38.720001,37.560001,38.259998,38.259998,846789.0,PCO,-0.3399999999999963,-0.8808290611828433,1.1600000000000037,3.0318872468315434,39.0619999,615515.7,46.88644373331332
2022-12-19,38.259998,39.0,38.119999,38.759998,38.759998,250580.0,PCO,0.5,1.3068479512204887,0.880001,2.270384534075569,39.0759998,599996.6,47.74774896518074
2022-12-20,38.5,39.380001,38.200001,39.380001,39.380001,227211.0,PCO,0.880001,2.285716883116883,1.1799999999999997,2.9964448197957125,39.0759998,554446.1,41.29556967002763
2022-12-21,39.400002,40.18,39.139999,39.919998,39.919998,245219.0,PCO,0.519995999999999,1.3197867350362038,1.0400009999999966,2.6052130563733913,39.1719997,538772.8,53.971934612225944
2022-12-22,40.119999,40.599998,39.720001,40.099998,40.099998,308021.0,PCO,-0.0200010000000006,-0.04985294241906786,0.8799969999999959,2.1945063438656427,39.2419993,526580.0,65.75340270221659
2022-12-23,40.299999,40.439999,39.439999,39.720001,39.720001,314868.0,PCO,-0.5799979999999962,-1.439201028268006,1.0,2.517623300160541,39.2259993,472203.3,58.01750261370114
2022-12-27,40.099998,40.419998,39.540001,40.200001,40.200001,101027.0,PCO,0.10000300000000095,0.2493840523383591,0.879997000000003,2.189047209227689,39.3139994,442812.3,56.23100114559237
2022-12-28,40.259998,41.080002,39.900002,40.279999,40.279999,181639.0,PCO,0.020000999999993496,0.04967958518029111,1.1799999999999997,2.929493617911956,39.4259993,348816.2,60.57692646696358
2022-12-29,40.32,40.880001,39.799999,40.0,40.0,203698.0,PCO,-0.3200000000000003,-0.7936507936507943,1.0800020000000004,2.700005000000001,39.4759993,309156.8,54.934198948222644
2022-12-30,40.200001,40.200001,39.060001,39.52,39.52,349516.0,PCO,-0.6800009999999972,-1.691544734041169,1.1400000000000006,2.884615384615386,39.6139994,302856.8,47.03946302587421
2023-01-02,40.0,40.360001,39.639999,40.259998,40.259998,99208.0,PCO,0.25999800000000306,0.6499950000000076,0.7200019999999938,1.788380615418793,39.8139994,228098.7,57.507980840870125
2023-01-03,40.380001,40.84,39.98,40.040001,40.040001,959395.0,PCO,-0.3400000000000034,-0.8420009697374782,0.8600000000000065,2.1478520942095045,39.941999700000004,298980.2,56.96204534533211
2023-01-04,40.580002,40.700001,39.900002,40.139999,40.139999,926669.0,PCO,-0.44000299999999726,-1.0842853088080115,0.7999989999999997,1.9930219729203273,40.017999499999995,368926.0,55.26316092452175
2023-01-05,40.439999,41.740002,40.419998,41.139999,41.139999,1358678.0,PCO,0.7000000000000028,1.7309594888961368,1.3200039999999973,3.208565950621431,40.139999599999996,480271.9,76.22384040800104
2023-01-09,41.900002,42.32,41.18,41.52,41.52,624905.0,PCO,-0.3800019999999975,-0.9069259710297807,1.1400000000000006,2.7456647398843943,40.2819998,511960.3,77.25759650353817
2023-01-10,41.5,42.099998,41.299999,41.560001,41.560001,796477.0,PCO,0.06000099999999975,0.14458072289156565,0.7999989999999997,1.9249253627303804,40.465999800000006,560121.2,75.36239655550041
2023-01-11,42.0,42.200001,40.82,41.200001,41.200001,1006194.0,PCO,-0.7999989999999997,-1.9047595238095232,1.380001,3.349516908992308,40.5659998,650637.9,67.30042627489885
2023-01-12,41.700001,42.419998,40.799999,41.400002,41.400002,1067541.0,PCO,-0.2999989999999997,-0.719422045097792,1.619999,3.913040873766141,40.678000100000006,739228.1,65.04072162748301
2023-01-13,41.619999,42.0,40.66,40.799999,40.799999,461406.0,PCO,-0.8200000000000003,-1.9702066787651782,1.3400000000000034,3.284313805988092,40.757999999999996,764998.9,56.55432507121265
2023-01-16,40.799999,41.52,40.740002,41.139999,41.139999,198992.0,PCO,0.3400000000000034,0.8333333537581789,0.7799980000000062,1.8959601822061447,40.91999990000001,749946.5,63.396217657522755
2023-01-17,41.139999,42.16,40.66,41.860001,41.860001,331344.0,PCO,0.7200019999999938,1.7501264402072392,1.5,3.583373062986788,41.0800002,773160.1,64.98195486713169
2023-01-18,40.459999,42.299999,40.240002,41.560001,41.560001,6726203.0,PCO,1.1000019999999964,2.718739562994048,2.0599970000000027,4.956681786412861,41.2320002,1349840.9,61.111128472222255
2023-01-19,41.540001,42.0,40.419998,40.84,40.84,3102069.0,PCO,-0.7000009999999932,-1.6851251399825276,1.5800020000000004,3.8687610186092067,41.3020003,1567380.9,56.774191363164114
2023-01-20,41.220001,42.0,40.5,40.52,40.52,8106292.0,PCO,-0.7000010000000003,-1.6982071397814869,1.5,3.7018756169792693,41.2400004,2242142.3,58.2781429542573
2023-01-23,41.080002,41.439999,40.099998,40.900002,40.900002,1525230.0,PCO,-0.17999999999999972,-0.4381694041787041,1.3400010000000009,3.2762859033601046,41.178000600000004,2332174.8,55.633832076937935
2023-01-24,41.200001,41.560001,40.259998,40.459999,40.459999,1372166.0,PCO,-0.7400019999999969,-1.796121315628116,1.3000029999999967,3.213057419996468,41.0680004,2389743.7,53.55929784549596
2023-01-25,40.5,41.060001,40.0,40.360001,40.360001,1082638.0,PCO,-0.1399990000000031,-0.34567654320988417,1.0600009999999997,2.6263651480087917,40.9840004,2397388.1,51.86441993677296
2023-01-26,41.0,41.0,39.919998,40.380001,40.380001,923393.0,PCO,-0.619999,-1.5121926829268293,1.0800020000000004,2.6745962685835503,40.8820003,2382973.3,42.27646192732859
2023-01-27,40.599998,41.16,40.240002,40.799999,40.799999,1513160.0,PCO,0.20000100000000032,0.4926133247592779,0.9199979999999996,2.2548971140906144,40.8820003,2488148.7,42.74193857309529
2023-01-30,41.0,41.560001,40.66,40.880001,40.880001,1761115.0,PCO,-0.11999899999999997,-0.292680487804878,0.9000010000000032,2.2015679500595002,40.8560005,2644361.0,43.20001359997279
2023-01-31,40.880001,42.119999,40.759998,41.880001,41.880001,1582670.0,PCO,1.0,2.4461838931951103,1.360000999999997,3.2473757581810867,40.8580005,2769493.6,56.02835810574805
2023-02-01,41.799999,42.959999,41.779999,42.040001,42.040001,1262447.0,PCO,0.24000199999999694,0.5741674778508893,1.1800000000000068,2.806850551692439,40.906000500000005,2223118.0,55.7142676020699
2023-02-02,42.599998,43.599998,42.419998,43.0,43.0,952837.0,PCO,0.40000200000000063,0.9389718750691035,1.1799999999999997,2.7441860465116275,41.1220005,2008194.8,68.45636874465711
2023-02-03,43.200001,43.880001,42.799999,43.360001,43.360001,1572068.0,PCO,0.1599999999999966,0.37037036179697447,1.0800020000000004,2.4907794628510285,41.4060006,1354772.4,68.56187100815616
2023-02-06,43.360001,44.5,42.779999,43.380001,43.380001,652855.0,PCO,0.020000000000003126,0.0461254601908407,1.7200010000000034,3.964963025242908,41.654000499999995,1267534.9,64.39392848944814
2023-02-07,43.360001,43.66,42.799999,43.459999,43.459999,1135137.0,PCO,0.09999800000000647,0.23062268840816327,0.8600009999999969,1.9788334555644993,41.9540005,1243832.0,68.77467637364572
2023-02-08,43.860001,44.68,43.5,43.759998,43.759998,826042.0,PCO,-0.10000299999999385,-0.22800501076138566,1.1799999999999997,2.6965266314683096,42.2940002,1218172.4,81.46549568965511
2023-02-09,44.139999,44.139999,43.0,43.279999,43.279999,486407.0,PCO,-0.8600000000000065,-1.9483462154133862,1.139999000000003,2.6340088408966995,42.583999999999996,1174473.8,78.7499955729156
2023-02-10,43.5,43.5,42.099998,42.599998,42.599998,1046939.0,PCO,-0.9000020000000006,-2.0689701149425304,1.4000020000000006,3.2863898256521056,42.7639999,1127851.7,66.66663398691523
2023-02-13,42.560001,43.66,42.52,43.099998,43.099998,622486.0,PCO,0.5399969999999996,1.2687899137972285,1.1399999999999935,2.645011723666422,42.9859996,1013988.8,75.58141044710302
2023-02-14,43.34,43.580002,42.400002,42.66,42.66,461694.0,PCO,-0.6800000000000068,-1.5689893862482853,1.1799999999999997,2.766057196436943,43.0639995,901891.2,70.90910082645524
2023-02-15,42.880001,43.66,42.0,43.400002,43.400002,1074949.0,PCO,0.5200010000000006,1.2126888709727424,1.6599999999999966,3.8248846163647565,43.1999996,883141.4,74.2765470787204
2023-02-16,43.84,43.959999,43.240002,43.580002,43.580002,295989.0,PCO,-0.25999800000000306,-0.5930611313868682,0.7199970000000064,1.6521270467128626,43.2579998,817456.6,73.2441761277886
2023-02-17,43.98,43.98,42.939999,43.619999,43.619999,443996.0,PCO,-0.3600009999999969,-0.818556161891762,1.0400009999999966,2.3842297658007663,43.2839996,704649.4,73.0639795259052
2023-02-20,43.5,43.84,43.299999,43.580002,43.580002,300641.0,PCO,0.08000200000000035,0.18391264367816174,0.5400010000000037,1.2391027425836367,43.303999700000006,669428.0,67.06831397888064
2023-02-21,43.68,43.700001,42.5,42.759998,42.759998,432552.0,PCO,-0.9200019999999967,-2.1062316849816773,1.2000010000000003,2.8063635550216826,43.2339996,599169.5,56.382957786310136
2023-02-22,42.619999,43.32,42.380001,42.98,42.98,410116.0,PCO,0.3600009999999969,0.8446762281716546,0.9399990000000003,2.1870614239181023,43.155999800000004,557576.9,49.79591828404825
2023-02-23,43.360001,43.560001,43.139999,43.34,43.34,433505.0,PCO,-0.020000999999993496,-0.04612776646382803,0.42000199999999666,0.969086294416236,43.1619999,552286.7,49.79590803831111
2023-02-24,43.720001,43.720001,42.919998,43.5,43.5,460641.0,PCO,-0.22000100000000344,-0.503204471564407,0.8000030000000038,1.8390873563218477,43.2520001,493656.9,51.19046697845256
2023-02-27,43.5,44.459999,43.119999,44.0,44.0,532277.0,PCO,0.5,1.1494252873563218,1.3400000000000034,3.0454545454545534,43.3420003,484636.0,54.945065008253636
2023-02-28,44.34,44.68,43.360001,44.060001,44.060001,2270571.0,PCO,-0.27999900000000366,-0.6314817320703736,1.3199990000000028,2.995912324196277,43.4820004,665523.7,52.87359140352652
2023-03-01,44.16,44.16,43.34,43.900002,43.900002,366301.0,PCO,-0.25999799999999595,-0.5887635869565127,0.8199999999999932,1.867881463877822,43.5320004,594658.9,56.32655993335516
2023-03-02,44.0,44.0,42.639999,42.779999,42.779999,258193.0,PCO,-1.2200010000000034,-2.772729545454553,1.360000999999997,3.1790580453262685,43.4520001,590879.3,51.68540167486795
2023-03-03,42.98,43.040001,42.740002,42.84,42.84,402120.0,PCO,-0.13999999999999346,-0.3257328990227861,0.2999989999999997,0.700277777777777,43.3740002,586691.7,47.34696134941935
2023-03-06,43.419998,44.080002,43.099998,43.52,43.52,381952.0,PCO,0.10000200000000348,0.23031323032304948,0.980004000000001,2.25184742647059,43.368,594822.8,58.36574898939812
2023-03-07,44.0,44.040001,43.220001,43.459999,43.459999,312075.0,PCO,-0.5400009999999966,-1.2272749999999923,0.8199999999999932,1.8867924962446343,43.4380001,582775.1,50.672611353574744
2023-03-08,43.959999,43.959999,43.240002,43.400002,43.400002,213878.0,PCO,-0.5599970000000027,-1.2738785549108014,0.7199970000000064,1.658979186222172,43.4800003,563151.3,47.92626823674276
2023-03-09,43.400002,43.400002,42.619999,42.759998,42.759998,338644.0,PCO,-0.6400039999999976,-1.474663526513196,0.7800030000000007,1.82414180655481,43.422000100000005,553665.2,41.29555229555253
2023-03-10,42.400002,42.400002,41.419998,42.139999,42.139999,521793.0,PCO,-0.26000299999999754,-0.613214593716287,0.980004000000001,2.3255909427050554,43.286,559780.4,36.956520557658344
2023-03-13,42.299999,42.400002,40.619999,41.080002,41.080002,745602.0,PCO,-1.2199969999999993,-2.884153732485902,1.7800030000000007,4.333015855257263,42.9940002,581112.9,35.416711516172555
2023-03-14,41.119999,42.459999,41.0,42.139999,42.139999,1003151.0,PCO,1.0200000000000031,2.4805448074062526,1.4599990000000034,3.4646393797968607,42.80200000000001,454370.9,43.63635509641751
2023-03-15,42.34,42.34,41.139999,41.299999,41.299999,1413414.0,PCO,-1.0400010000000037,-2.456308455361369,1.2000010000000003,2.90557149892425,42.541999700000005,559082.2,35.59321124197899
2023-03-16,41.119999,41.68,39.959999,41.200001,41.200001,699877.0,PCO,0.08000200000000035,0.19455739772756403,1.7200009999999963,4.174759607408738,42.383999900000006,603250.6,33.61823373998598
2023-03-17,41.16,41.700001,39.740002,40.139999,40.139999,766067.0,PCO,-1.0200009999999935,-2.4781365403304023,1.9599990000000034,4.882907446011654,42.1139998,639645.3,24.538248619821786
2023-03-20,39.400002,40.419998,38.799999,40.400002,40.400002,543670.0,PCO,1.0,2.5380709371537593,1.619999,4.009898316341667,41.80200000000001,655817.1,26.478158550365265
2023-03-21,40.220001,41.5,40.220001,41.0,41.0,318848.0,PCO,0.7799989999999966,1.9393311303000629,1.2799989999999966,3.1219487804877963,41.556000100000006,656494.4,32.36008515815088
2023-03-22,41.459999,41.639999,41.040001,41.400002,41.400002,267011.0,PCO,-0.05999700000000274,-0.14471056788979356,0.5999980000000065,1.449270461387916,41.3560001,661807.7,40.80001877333587
2023-03-23,41.900002,42.099998,41.18,41.799999,41.799999,441848.0,PCO,-0.10000300000000095,-0.2386706329990174,0.9199979999999996,2.200952205764406,41.2600002,672128.1,43.36733633120938
2023-03-24,41.5,42.0,40.84,41.34,41.34,533365.0,PCO,-0.1599999999999966,-0.3855421686746906,1.1599999999999966,2.8059990324141184,41.1800003,673285.3,35.695526794378054
2023-03-27,42.299999,42.299999,41.200001,41.299999,41.299999,206839.0,PCO,-1.0,-2.364066249741519,1.0999979999999994,2.6634334785334968,41.202,619409.0,35.78946246536508
2023-03-28,41.099998,42.220001,40.759998,41.240002,41.240002,712671.0,PCO,0.14000399999999757,0.34064235234268764,1.4600030000000004,3.540259285147466,41.1120003,590361.0,35.78946246536508
2023-03-29,42.16,42.200001,41.200001,41.68,41.68,576150.0,PCO,-0.4799999999999969,-1.1385199240986643,1.0,2.399232245681382,41.150000399999996,506634.6,42.70270438276384
2023-03-30,41.299999,42.439999,41.299999,41.860001,41.860001,628787.0,PCO,0.5600019999999972,1.3559370788362421,1.1400000000000006,2.7233635278699606,41.2160004,499525.6,47.98851722488102
2023-03-31,42.360001,42.360001,41.32,41.5,41.5,477317.0,PCO,-0.8600009999999969,-2.030219498814452,1.0400009999999966,2.5060265060240883,41.3520005,470650.6,53.354619828709104
2023-04-03,41.900002,42.259998,41.220001,41.259998,41.259998,200123.0,PCO,-0.6400039999999976,-1.5274557743457806,1.0399969999999996,2.5205939176245225,41.4380001,436295.9,41.91175402789595
2023-04-04,41.759998,41.759998,40.279999,40.900002,40.900002,162727.0,PCO,-0.8599960000000024,-2.0593774932652114,1.4799990000000065,3.618579285155063,41.428000299999994,420683.8,45.96776811266947
2023-04-05,41.419998,41.419998,40.060001,40.16,40.16,254865.0,PCO,-1.259998000000003,-3.042004009753943,1.359997,3.3864467131474103,41.3040001,419469.2,40.71427512754909
2023-04-06,40.5,40.5,39.939999,40.040001,40.040001,166421.0,PCO,-0.4599990000000034,-1.1358000000000084,0.5600009999999997,1.3986038611737293,41.1280003,391926.5,48.92705916485758
2023-04-11,40.380001,41.220001,40.0,40.299999,40.299999,301886.0,PCO,-0.08000200000000035,-0.1981228281792275,1.2200010000000034,3.027297841868441,41.0240002,368778.6,48.92700436545907
2023-04-12,41.18,41.18,40.400002,40.82,40.82,766628.0,PCO,-0.35999999999999943,-0.8742107819329757,0.7799979999999991,1.9108231259186652,40.976000299999995,424757.5,48.03493192349161
2023-04-13,41.279999,41.279999,40.619999,40.619999,40.619999,469975.0,PCO,-0.6599999999999966,-1.5988372480338398,0.6599999999999966,1.6248154018910652,40.914,400487.9,41.09584193399397
2023-04-14,40.700001,41.080002,39.5,39.779999,39.779999,367966.0,PCO,-0.9200020000000038,-2.2604471189079423,1.5800020000000004,3.971850275813231,40.7239999,379669.5,29.045625764004797
2023-04-17,40.200001,40.200001,38.919998,39.639999,39.639999,425533.0,PCO,-0.5600019999999972,-1.3930397663422875,1.2800030000000007,3.2290692035587605,40.5019997,359344.1,31.111087407391636
2023-04-18,39.799999,40.639999,39.439999,40.16,40.16,422309.0,PCO,0.3600009999999969,0.9045251483548955,1.2000000000000028,2.988047808764948,40.3679997,353843.3,38.554220012582306
2023-04-19,39.919998,40.139999,39.48,39.68,39.68,284805.0,PCO,-0.23999799999999993,-0.6011974249096904,0.6599990000000062,1.6633039314516287,40.2099999,362311.5,35.55553703703704
2023-04-20,40.220001,40.919998,40.18,40.279999,40.279999,691891.0,PCO,0.05999799999999311,0.14917453632085467,0.7399979999999999,1.83713510022679,40.147999600000006,415227.9,37.41006521401699
2023-04-21,40.0,40.860001,40.0,40.400002,40.400002,899655.0,PCO,0.40000200000000063,1.0000050000000016,0.8600009999999969,2.1287152411527033,40.171999799999995,479706.9,36.72728905784235
2023-04-24,40.799999,40.880001,40.080002,40.580002,40.580002,160171.0,PCO,-0.21999699999999933,-0.5392083465492226,0.7999989999999997,1.9714119284666365,40.2259999,479081.9,41.35340550623852
2023-04-25,40.779999,40.939999,40.299999,40.299999,40.299999,287620.0,PCO,-0.4799999999999969,-1.177047601202729,0.6400000000000006,1.5880893694314995,40.2259999,477655.3,41.0447904600053
2023-04-26,40.759998,40.779999,39.84,39.939999,39.939999,572451.0,PCO,-0.8199990000000028,-2.011773896554172,0.9399989999999931,2.3535278506141,40.1379998,458237.6,41.044759829604686
2023-04-27,40.099998,40.32,39.84,40.0,40.0,552005.0,PCO,-0.09999799999999937,-0.24937158350980307,0.4799999999999969,1.1999999999999922,40.0759999,466440.6,48.29060048213616
